FIPS,State,County,Rating Area
1001,AL,Autauga,Rating Area 11
1003,AL,Baldwin,Rating Area 13
1005,AL,Barbour,Rating Area 13
1007,AL,Bibb,Rating Area 3
1009,AL,Blount,Rating Area 3
1011,AL,Bullock,Rating Area 13
1013,AL,Butler,Rating Area 13
1015,AL,Calhoun,Rating Area 1
1017,AL,Chambers,Rating Area 13
1019,AL,Cherokee,Rating Area 13
1021,AL,Chilton,Rating Area 3
1023,AL,Choctaw,Rating Area 13
1025,AL,Clarke,Rating Area 13
1027,AL,Clay,Rating Area 13
1029,AL,Cleburne,Rating Area 13
1031,AL,Coffee,Rating Area 13
1033,AL,Colbert,Rating Area 7
1035,AL,Conecuh,Rating Area 13
1037,AL,Coosa,Rating Area 13
1039,AL,Covington,Rating Area 13
1041,AL,Crenshaw,Rating Area 13
1043,AL,Cullman,Rating Area 13
1045,AL,Dale,Rating Area 13
1047,AL,Dallas,Rating Area 13
1049,AL,DeKalb,Rating Area 13
1051,AL,Elmore,Rating Area 11
1053,AL,Escambia,Rating Area 13
1055,AL,Etowah,Rating Area 8
1057,AL,Fayette,Rating Area 13
1059,AL,Franklin,Rating Area 13
1061,AL,Geneva,Rating Area 6
1063,AL,Greene,Rating Area 12
1065,AL,Hale,Rating Area 12
1067,AL,Henry,Rating Area 6
1069,AL,Houston,Rating Area 6
1071,AL,Jackson,Rating Area 13
1073,AL,Jefferson,Rating Area 3
1075,AL,Lamar,Rating Area 13
1077,AL,Lauderdale,Rating Area 7
1079,AL,Lawrence,Rating Area 5
1081,AL,Lee,Rating Area 2
1083,AL,Limestone,Rating Area 9
1085,AL,Lowndes,Rating Area 11
1087,AL,Macon,Rating Area 13
1089,AL,Madison,Rating Area 9
1091,AL,Marengo,Rating Area 13
1093,AL,Marion,Rating Area 13
1095,AL,Marshall,Rating Area 13
1097,AL,Mobile,Rating Area 10
1099,AL,Monroe,Rating Area 13
1101,AL,Montgomery,Rating Area 11
1103,AL,Morgan,Rating Area 5
1105,AL,Perry,Rating Area 13
1107,AL,Pickens,Rating Area 13
1109,AL,Pike,Rating Area 13
1111,AL,Randolph,Rating Area 13
1113,AL,Russell,Rating Area 4
1115,AL,St. Clair,Rating Area 3
1117,AL,Shelby,Rating Area 3
1119,AL,Sumter,Rating Area 13
1121,AL,Talladega,Rating Area 13
1123,AL,Tallapoosa,Rating Area 13
1125,AL,Tuscaloosa,Rating Area 12
1127,AL,Walker,Rating Area 3
1129,AL,Washington,Rating Area 13
1131,AL,Wilcox,Rating Area 13
1133,AL,Winston,Rating Area 13
2013,AK,Aleutians East 995,Rating Area 1
2016,AK,Aleutians West 995,Rating Area 1
2013,AK,Aleutians East 996,Rating Area 2
2016,AK,Aleutians West 996,Rating Area 2
2020,AK,Anchorage,Rating Area 1
2050,AK,Bethel 995,Rating Area 1
2050,AK,Bethel 996,Rating Area 2
2060,AK,Bristol Bay,Rating Area 2
2068,AK,Denali,Rating Area 2
2070,AK,Dillingham,Rating Area 1
2090,AK,Fairbanks,Rating Area 2
2100,AK,Haines,Rating Area 3
2110,AK,Juneau,Rating Area 3
2122,AK,Kenai,Rating Area 2
2130,AK,Ketchikan,Rating Area 3
2150,AK,Kodiak,Rating Area 1
2164,AK,Lake and Peninsula,Rating Area 1
2170,AK,Matanuska-Susitna 995,Rating Area 1
2170,AK,Matanuska-Susitna 996,Rating Area 2
2180,AK,Nome,Rating Area 2
2185,AK,North Slope,Rating Area 2
2188,AK,Northwest Arctic,Rating Area 2
2195,AK,Petersburg,Rating Area 3
2201,AK,Prince of Wales,Rating Area 3
2220,AK,Sitka,Rating Area 3
2231,AK,Skagway-Yakutat-Angoon,Rating Area 3
2232,AK,Skagway-Hoonah-Angoon,Rating Area 3
2240,AK,Southeast Fairbanks,Rating Area 2
2261,AK,Valdez-Cordova 995,Rating Area 1
2261,AK,Valdez-Cordova 996,Rating Area 2
2270,AK,Wade Hampton 995,Rating Area 1
2270,AK,Wade Hampton 996,Rating Area 2
2280,AK,Wrangell-Petersburg,Rating Area 3
2282,AK,Yakutat,Rating Area 2
2290,AK,Yukon-Koyukuk,Rating Area 2
4001,AZ,Apache,Rating Area 1
4003,AZ,Cochise,Rating Area 7
4005,AZ,Coconino,Rating Area 1
4007,AZ,Gila,Rating Area 5
4009,AZ,Graham,Rating Area 7
4011,AZ,Greenlee,Rating Area 7
4012,AZ,La Paz,Rating Area 3
4013,AZ,Maricopa,Rating Area 4
4015,AZ,Mohave,Rating Area 1
4017,AZ,Navajo,Rating Area 1
4019,AZ,Pima,Rating Area 6
4021,AZ,Pinal,Rating Area 5
4023,AZ,Santa Cruz,Rating Area 6
4025,AZ,Yavapai,Rating Area 2
4027,AZ,Yuma,Rating Area 3
5001,AR,Arkansas,Rating Area 5
5003,AR,Ashley,Rating Area 5
5005,AR,Baxter,Rating Area 3
5007,AR,Benton,Rating Area 3
5009,AR,Boone,Rating Area 3
5011,AR,Bradley,Rating Area 5
5013,AR,Calhoun,Rating Area 6
5015,AR,Carroll,Rating Area 3
5017,AR,Chicot,Rating Area 5
5019,AR,Clark,Rating Area 4
5021,AR,Clay,Rating Area 2
5023,AR,Cleburne,Rating Area 1
5025,AR,Cleveland,Rating Area 5
5027,AR,Columbia,Rating Area 6
5029,AR,Conway,Rating Area 1
5031,AR,Craighead,Rating Area 2
5033,AR,Crawford,Rating Area 7
5035,AR,Crittenden,Rating Area 2
5037,AR,Cross,Rating Area 2
5039,AR,Dallas,Rating Area 5
5041,AR,Desha,Rating Area 5
5043,AR,Drew,Rating Area 5
5045,AR,Faulkner,Rating Area 1
5047,AR,Franklin,Rating Area 7
5049,AR,Fulton,Rating Area 2
5051,AR,Garland,Rating Area 4
5053,AR,Grant,Rating Area 1
5055,AR,Greene,Rating Area 2
5057,AR,Hempstead,Rating Area 6
5059,AR,Hot Spring,Rating Area 4
5061,AR,Howard,Rating Area 6
5063,AR,Independence,Rating Area 2
5065,AR,Izard,Rating Area 2
5067,AR,Jackson,Rating Area 2
5069,AR,Jefferson,Rating Area 5
5071,AR,Johnson,Rating Area 7
5073,AR,Lafayette,Rating Area 6
5075,AR,Lawrence,Rating Area 2
5077,AR,Lee,Rating Area 5
5079,AR,Lincoln,Rating Area 5
5081,AR,Little River,Rating Area 6
5083,AR,Logan,Rating Area 7
5085,AR,Lonoke,Rating Area 1
5087,AR,Madison,Rating Area 3
5089,AR,Marion,Rating Area 3
5091,AR,Miller,Rating Area 6
5093,AR,Mississippi,Rating Area 2
5095,AR,Monroe,Rating Area 5
5097,AR,Montgomery,Rating Area 4
5099,AR,Nevada,Rating Area 6
5101,AR,Newton,Rating Area 3
5103,AR,Ouachita,Rating Area 6
5105,AR,Perry,Rating Area 1
5107,AR,Phillips,Rating Area 5
5109,AR,Pike,Rating Area 4
5111,AR,Poinsett,Rating Area 2
5113,AR,Polk,Rating Area 7
5115,AR,Pope,Rating Area 1
5117,AR,Prairie,Rating Area 1
5119,AR,Pulaski,Rating Area 1
5121,AR,Randolph,Rating Area 2
5123,AR,St. Francis,Rating Area 2
5125,AR,Saline,Rating Area 1
5127,AR,Scott,Rating Area 7
5129,AR,Searcy,Rating Area 3
5131,AR,Sebastian,Rating Area 7
5133,AR,Sevier,Rating Area 6
5135,AR,Sharp,Rating Area 2
5137,AR,Stone,Rating Area 2
5139,AR,Union,Rating Area 6
5141,AR,Van Buren,Rating Area 1
5143,AR,Washington,Rating Area 3
5145,AR,White,Rating Area 1
5147,AR,Woodruff,Rating Area 2
5149,AR,Yell,Rating Area 1
6001,CA,Alameda,Rating Area 6
6003,CA,Alpine,Rating Area 1
6005,CA,Amador,Rating Area 1
6007,CA,Butte,Rating Area 1
6009,CA,Calaveras,Rating Area 1
6011,CA,Colusa,Rating Area 1
6013,CA,Contra Costa,Rating Area 5
6015,CA,Del Norte,Rating Area 1
6017,CA,El Dorado,Rating Area 3
6019,CA,Fresno,Rating Area 11
6021,CA,Glenn,Rating Area 1
6023,CA,Humboldt,Rating Area 1
6025,CA,Imperial,Rating Area 13
6027,CA,Inyo,Rating Area 13
6029,CA,Kern,Rating Area 14
6031,CA,Kings,Rating Area 11
6033,CA,Lake,Rating Area 1
6035,CA,Lassen,Rating Area 1
6037,CA,Los Angeles,not found
6039,CA,Madera,Rating Area 11
6041,CA,Marin,Rating Area 2
6043,CA,Mariposa,Rating Area 10
6045,CA,Mendocino,Rating Area 1
6047,CA,Merced,Rating Area 10
6049,CA,Modoc,Rating Area 1
6051,CA,Mono,Rating Area 13
6053,CA,Monterey,Rating Area 9
6055,CA,Napa,Rating Area 2
6057,CA,Nevada,Rating Area 1
6059,CA,Orange,Rating Area 18
6061,CA,Placer,Rating Area 3
6063,CA,Plumas,Rating Area 1
6065,CA,Riverside,Rating Area 17
6067,CA,Sacramento,Rating Area 3
6069,CA,San Benito,Rating Area 9
6071,CA,San Bernadino,Rating Area 17
6073,CA,San Diego,Rating Area 19
6075,CA,San Francisco,Rating Area 4
6077,CA,San Joaquin,Rating Area 10
6079,CA,San Luis,not found
6081,CA,San Mateo,Rating Area 8
6083,CA,Santa Barbara,Rating Area 12
6085,CA,Santa Clara,Rating Area 7
6087,CA,Santa Cruz,Rating Area 9
6089,CA,Shasta,Rating Area 1
6091,CA,Sierra,Rating Area 1
6093,CA,Siskiyou,Rating Area 1
6095,CA,Solano,Rating Area 2
6097,CA,Sonoma,Rating Area 2
6099,CA,Stanislaus,Rating Area 10
6101,CA,Sutter,Rating Area 1
6103,CA,Tehama,Rating Area 1
6105,CA,Trinity,Rating Area 1
6107,CA,Tulare,Rating Area 10
6109,CA,Tuolumne,Rating Area 1
6111,CA,Ventura,Rating Area 12
6113,CA,Yolo,Rating Area 3
6115,CA,Yuba,Rating Area 1
8001,CO,Adams,Rating Area 3
8003,CO,Alamosa,Rating Area 8
8005,CO,Arapahoe,Rating Area 3
8007,CO,Archuleta,Rating Area 9
8009,CO,Baca,Rating Area 8
8011,CO,Bent,Rating Area 8
8013,CO,Boulder,Rating Area 1
8015,CO,Chaffee,Rating Area 8
8017,CO,Cheyenne,Rating Area 8
8019,CO,Clear Creek,Rating Area 3
8021,CO,Conejos,Rating Area 8
8023,CO,Costilla,Rating Area 8
8025,CO,Crowley,Rating Area 8
8027,CO,Custer,Rating Area 8
8029,CO,Delta,Rating Area 9
8031,CO,Denver,Rating Area 3
8033,CO,Dolores,Rating Area 9
8035,CO,Douglas,Rating Area 3
8037,CO,Eagle,Rating Area 9
8039,CO,Elbert,Rating Area 3
8041,CO,El Paso,Rating Area 2
8043,CO,Fremont,Rating Area 8
8045,CO,Garfield,Rating Area 9
8047,CO,Gilpin,Rating Area 3
8049,CO,Grand,Rating Area 9
8051,CO,Gunnison,Rating Area 9
8053,CO,Hinsdale,Rating Area 9
8055,CO,Huerfano,Rating Area 8
8057,CO,Jackson,Rating Area 9
8059,CO,Jefferson,Rating Area 3
8061,CO,Kiowa,Rating Area 8
8063,CO,Kit Carson,Rating Area 8
8065,CO,Lake ,Rating Area 9
8067,CO,La Plata,Rating Area 9
8069,CO,Larimer,Rating Area 4
8071,CO,Las Animas,Rating Area 8
8073,CO,Lincoln,Rating Area 8
8075,CO,Logan,Rating Area 8
8077,CO,Mesa,Rating Area 5
8079,CO,Mineral,Rating Area 8
8081,CO,Moffat,Rating Area 9
8083,CO,Montezuma,Rating Area 9
8085,CO,Montrose,Rating Area 9
8087,CO,Morgan,Rating Area 8
8089,CO,Otero,Rating Area 8
8091,CO,Ouray,Rating Area 9
8093,CO,Park,Rating Area 3
8095,CO,Phillips,Rating Area 8
8097,CO,Pitkin,Rating Area 9
8099,CO,Prowers,Rating Area 8
8101,CO,Pueblo,Rating Area 7
8103,CO,Rio Blanco,Rating Area 9
8105,CO,Rio Grande,Rating Area 8
8107,CO,Routt,Rating Area 9
8109,CO,Saguache,Rating Area 8
8111,CO,San Juan,Rating Area 9
8113,CO,San Miguel,Rating Area 9
8115,CO,Sedgwick,Rating Area 8
8117,CO,Summit,Rating Area 9
8119,CO,Teller,Rating Area 2
8121,CO,Washington,Rating Area 8
8123,CO,Weld,Rating Area 6
8125,CO,Yuma,Rating Area 8
9001,CT,Fairfield,Rating Area 1
9003,CT,Hartford,Rating Area 2
9005,CT,Litchfield,Rating Area 3
9007,CT,Middlesex,Rating Area 4
9009,CT,New Haven,Rating Area 5
9011,CT,New London,Rating Area 6
9013,CT,Tolland,Rating Area 7
9015,CT,Windham,Rating Area 8
10001,DE,Kent,Rating Area 1
10003,DE,New Castle,Rating Area 1
10005,DE,Sussex,Rating Area 1
11001,DC,District of Columbia,Rating Area 1
12001,FL,Alachua,Rating Area 1
12003,FL,Baker,Rating Area 2
12005,FL,Bay,Rating Area 3
12007,FL,Bradford,Rating Area 4
12009,FL,Brevard,Rating Area 5
12011,FL,Broward,Rating Area 6
12013,FL,Calhoun,Rating Area 7
12015,FL,Charlotte,Rating Area 8
12017,FL,Citrus,Rating Area 9
12019,FL,Clay,Rating Area 10
12021,FL,Collier,Rating Area 11
12023,FL,Columbia,Rating Area 12
12025,FL,Miami-Dade,Rating Area 43
12027,FL,DeSoto,Rating Area 13
12029,FL,Dixie,Rating Area 14
12031,FL,Duval,Rating Area 15
12033,FL,Escambia,Rating Area 16
12035,FL,Flagler,Rating Area 17
12037,FL,Franklin,Rating Area 18
12039,FL,Gadsden,Rating Area 19
12041,FL,Gilchrist,Rating Area 20
12043,FL,Glades,Rating Area 21
12045,FL,Gulf,Rating Area 22
12047,FL,Hamilton,Rating Area 23
12049,FL,Hardee,Rating Area 24
12051,FL,Hendry,Rating Area 25
12053,FL,Hernando,Rating Area 26
12055,FL,Highlands,Rating Area 27
12057,FL,Hillsborough,Rating Area 28
12059,FL,Holmes,Rating Area 29
12061,FL,Indian River,Rating Area 30
12063,FL,Jackson,Rating Area 31
12065,FL,Jefferson,Rating Area 32
12067,FL,Lafayette,Rating Area 33
12069,FL,Lake,Rating Area 34
12071,FL,Lee,Rating Area 35
12073,FL,Leon,Rating Area 36
12075,FL,Levy,Rating Area 37
12077,FL,Liberty,Rating Area 38
12079,FL,Madison,Rating Area 39
12081,FL,Manatee,Rating Area 40
12083,FL,Marion,Rating Area 41
12085,FL,Martin,Rating Area 42
12087,FL,Monroe,Rating Area 44
12089,FL,Nassau,Rating Area 45
12091,FL,Okaloosa,Rating Area 46
12093,FL,Okeechobee,Rating Area 47
12095,FL,Orange,Rating Area 48
12097,FL,Osceola,Rating Area 49
12099,FL,Palm Beach,Rating Area 50
12101,FL,Pasco,Rating Area 51
12103,FL,Pinellas,Rating Area 52
12105,FL,Polk,Rating Area 53
12107,FL,Putnam,Rating Area 54
12109,FL,St. Johns,Rating Area 58
12111,FL,St. Lucie,Rating Area 59
12113,FL,Santa Rosa,Rating Area 55
12115,FL,Sarasota,Rating Area 56
12117,FL,Seminole,Rating Area 57
12119,FL,Sumter,Rating Area 60
12121,FL,Suwannee,Rating Area 61
12123,FL,Taylor,Rating Area 62
12125,FL,Union,Rating Area 63
12127,FL,Volusia,Rating Area 64
12129,FL,Wakulla,Rating Area 65
12131,FL,Walton,Rating Area 66
12133,FL,Washington,Rating Area 67
13001,GA,Appling,Rating Area 14
13003,GA,Atkinson,Rating Area 11
13005,GA,Bacon,Rating Area 6
13007,GA,Baker,Rating Area 1
13009,GA,Baldwin,Rating Area 16
13011,GA,Banks,Rating Area 10
13013,GA,Barrow,Rating Area 2
13015,GA,Bartow,Rating Area 3
13017,GA,Ben Hill,Rating Area 15
13019,GA,Berrien,Rating Area 15
13021,GA,Bibb,Rating Area 12
13023,GA,Bleckley,Rating Area 12
13025,GA,Brantley,Rating Area 6
13027,GA,Brooks,Rating Area 15
13029,GA,Bryan,Rating Area 14
13031,GA,Bulloch,Rating Area 14
13033,GA,Burke,Rating Area 5
13035,GA,Butts,Rating Area 3
13037,GA,Calhoun,Rating Area 1
13039,GA,Camden,Rating Area 6
13043,GA,Candler,Rating Area 14
13045,GA,Carroll,Rating Area 4
13047,GA,Catoosa,Rating Area 7
13049,GA,Charlton,Rating Area 6
13051,GA,Chatham,Rating Area 14
13053,GA,Chattahoochee,Rating Area 8
13055,GA,Chattooga,Rating Area 13
13057,GA,Cherokee,Rating Area 3
13059,GA,Clarke,Rating Area 2
13061,GA,Clay,Rating Area 1
13063,GA,Clayton,Rating Area 3
13065,GA,Clinch,Rating Area 15
13067,GA,Cobb,Rating Area 3
13069,GA,Coffee,Rating Area 11
13071,GA,Colquitt,Rating Area 15
13073,GA,Columbia,Rating Area 5
13075,GA,Cook,Rating Area 15
13077,GA,Coweta,Rating Area 3
13079,GA,Crawford,Rating Area 12
13081,GA,Crisp,Rating Area 1
13083,GA,Dade,Rating Area 7
13085,GA,Dawson,Rating Area 10
13087,GA,Decatur,Rating Area 15
13089,GA,DeKalb,Rating Area 3
13091,GA,Dodge,Rating Area 12
13093,GA,Dooly,Rating Area 12
13095,GA,Dougherty,Rating Area 1
13097,GA,Douglas,Rating Area 3
13099,GA,Early,Rating Area 15
13101,GA,Echols,Rating Area 15
13103,GA,Effingham,Rating Area 14
13105,GA,Elbert,Rating Area 2
13107,GA,Emanuel,Rating Area 5
13109,GA,Evans,Rating Area 14
13111,GA,Fannin,Rating Area 9
13113,GA,Fayette,Rating Area 3
13115,GA,Floyd,Rating Area 13
13117,GA,Forsyth,Rating Area 3
13119,GA,Franklin,Rating Area 10
13121,GA,Fulton,Rating Area 3
13123,GA,Gilmer,Rating Area 13
13125,GA,Glascock,Rating Area 5
13127,GA,Glynn,Rating Area 6
13129,GA,Gordon,Rating Area 13
13131,GA,Grady,Rating Area 15
13133,GA,Greene,Rating Area 2
13135,GA,Gwinnett,Rating Area 3
13137,GA,Habersham,Rating Area 10
13139,GA,Hall,Rating Area 10
13141,GA,Hancock,Rating Area 16
13143,GA,Haralson,Rating Area 4
13145,GA,Harris,Rating Area 8
13147,GA,Hart,Rating Area 10
13149,GA,Heard,Rating Area 4
13151,GA,Henry,Rating Area 3
13153,GA,Houston,Rating Area 12
13155,GA,Irwin,Rating Area 15
13157,GA,Jackson,Rating Area 2
13159,GA,Jasper,Rating Area 3
13161,GA,Jeff Davis,Rating Area 11
13163,GA,Jefferson,Rating Area 5
13165,GA,Jenkins,Rating Area 5
13167,GA,Johnson,Rating Area 11
13169,GA,Jones,Rating Area 12
13171,GA,Lamar,Rating Area 3
13173,GA,Lanier,Rating Area 15
13175,GA,Laurens,Rating Area 11
13177,GA,Lee,Rating Area 1
13179,GA,Liberty,Rating Area 14
13181,GA,Lincoln,Rating Area 5
13183,GA,Long,Rating Area 14
13185,GA,Lowndes,Rating Area 15
13187,GA,Lumpkin,Rating Area 10
13189,GA,McDuffie,Rating Area 5
13191,GA,McIntosh,Rating Area 6
13193,GA,Macon,Rating Area 8
13195,GA,Madison,Rating Area 2
13197,GA,Marion,Rating Area 8
13199,GA,Meriwether,Rating Area 8
13201,GA,Miller,Rating Area 15
13205,GA,Mitchell,Rating Area 1
13207,GA,Monroe,Rating Area 12
13209,GA,Montgomery,Rating Area 11
13211,GA,Morgan,Rating Area 2
13213,GA,Murray,Rating Area 9
13215,GA,Muscogee,Rating Area 8
13217,GA,Newton,Rating Area 3
13219,GA,Oconee,Rating Area 2
13221,GA,Oglethorpe,Rating Area 2
13223,GA,Paulding,Rating Area 3
13225,GA,Peach,Rating Area 12
13227,GA,Pickens,Rating Area 13
13229,GA,Pierce,Rating Area 6
13231,GA,Pike,Rating Area 3
13233,GA,Polk,Rating Area 13
13235,GA,Pulaski,Rating Area 12
13237,GA,Putnam,Rating Area 12
13239,GA,Quitman,Rating Area 8
13241,GA,Rabun,Rating Area 10
13243,GA,Randolph,Rating Area 1
13245,GA,Richmond,Rating Area 5
13247,GA,Rockdale,Rating Area 3
13249,GA,Schley,Rating Area 1
13251,GA,Screven,Rating Area 14
13253,GA,Seminole,Rating Area 15
13255,GA,Spalding,Rating Area 3
13257,GA,Stephens,Rating Area 10
13259,GA,Stewart,Rating Area 8
13261,GA,Sumter,Rating Area 1
13263,GA,Talbot,Rating Area 8
13265,GA,Taliaferro,Rating Area 5
13267,GA,Tattnall,Rating Area 14
13269,GA,Taylor,Rating Area 8
13271,GA,Telfair,Rating Area 11
13273,GA,Terrell,Rating Area 1
13275,GA,Thomas,Rating Area 15
13277,GA,Tift,Rating Area 15
13279,GA,Toombs,Rating Area 11
13281,GA,Towns,Rating Area 10
13283,GA,Treutlen,Rating Area 11
13285,GA,Troup,Rating Area 8
13287,GA,Turner,Rating Area 15
13289,GA,Twiggs,Rating Area 12
13291,GA,Union,Rating Area 10
13293,GA,Upson,Rating Area 8
13295,GA,Walker,Rating Area 7
13297,GA,Walton,Rating Area 3
13299,GA,Ware,Rating Area 6
13301,GA,Warren,Rating Area 5
13303,GA,Washington,Rating Area 16
13305,GA,Wayne,Rating Area 6
13307,GA,Webster,Rating Area 8
13309,GA,Wheeler,Rating Area 11
13311,GA,White,Rating Area 10
13313,GA,Whitfield,Rating Area 9
13315,GA,Wilcox,Rating Area 12
13317,GA,Wilkes,Rating Area 5
13319,GA,Wilkinson,Rating Area 16
13321,GA,Worth,Rating Area 1
15001,HI,Hawaii,Rating Area 1
15003,HI,Honolulu,Rating Area 1
15005,HI,Kalawao,Rating Area 1
15007,HI,Kauai,Rating Area 1
15009,HI,Maui,Rating Area 1
16001,ID,Ada,Rating Area 3
16003,ID,Adams,Rating Area 3
16005,ID,Bannock,Rating Area 6
16007,ID,Bear Lake,Rating Area 6
16009,ID,Benewah,Rating Area 1
16011,ID,Bingham,Rating Area 6
16013,ID,Blaine,Rating Area 5
16015,ID,Boise,Rating Area 3
16017,ID,Bonner,Rating Area 1
16019,ID,Bonneville,Rating Area 4
16021,ID,Boundary,Rating Area 1
16023,ID,Butte,Rating Area 4
16025,ID,Camas,Rating Area 5
16027,ID,Canyon,Rating Area 3
16029,ID,Caribou,Rating Area 6
16031,ID,Cassia,Rating Area 5
16033,ID,Clark,Rating Area 4
16035,ID,Clearwater,Rating Area 2
16037,ID,Custer,Rating Area 4
16039,ID,Elmore,Rating Area 3
16041,ID,Franklin,Rating Area 6
16043,ID,Fremont,Rating Area 4
16045,ID,Gem,Rating Area 3
16047,ID,Gooding,Rating Area 5
16049,ID,Idaho,Rating Area 2
16051,ID,Jefferson,Rating Area 4
16053,ID,Jerome,Rating Area 5
16055,ID,Kootenai,Rating Area 1
16057,ID,Latah,Rating Area 2
16059,ID,Lemhi,Rating Area 4
16061,ID,Lewis,Rating Area 2
16063,ID,Lincoln,Rating Area 5
16065,ID,Madison,Rating Area 4
16067,ID,Minidoka,Rating Area 5
16069,ID,Nez Perce,Rating Area 2
16071,ID,Oneida,Rating Area 6
16073,ID,Owyhee,Rating Area 3
16075,ID,Payette,Rating Area 3
16077,ID,Power,Rating Area 6
16079,ID,Shoshone,Rating Area 1
16081,ID,Teton,Rating Area 4
16083,ID,Twin Falls,Rating Area 5
16085,ID,Valley,Rating Area 3
16087,ID,Washington,Rating Area 3
17001,IL,Adams,Rating Area 10
17003,IL,Alexander,Rating Area 13
17005,IL,Bond,Rating Area 11
17007,IL,Boone,Rating Area 5
17009,IL,Brown,Rating Area 10
17011,IL,Bureau,Rating Area 6
17013,IL,Calhoun,Rating Area 11
17015,IL,Carroll,Rating Area 5
17017,IL,Cass,Rating Area 10
17019,IL,Champaign,Rating Area 9
17021,IL,Christian,Rating Area 10
17023,IL,Clark,Rating Area 9
17025,IL,Clay,Rating Area 13
17027,IL,Clinton,Rating Area 11
17029,IL,Coles,Rating Area 9
17031,IL,Cook,Rating Area 1
17033,IL,Crawford,Rating Area 13
17035,IL,Cumberland,Rating Area 9
17037,IL,DeKalb,Rating Area 5
17039,IL,DeWitt,Rating Area 8
17041,IL,Douglas,Rating Area 9
17043,IL,DuPage,Rating Area 3
17045,IL,Edgar,Rating Area 9
17047,IL,Edwards,Rating Area 13
17049,IL,Effingham,Rating Area 13
17051,IL,Fayette,Rating Area 13
17053,IL,Ford,Rating Area 9
17055,IL,Franklin,Rating Area 13
17057,IL,Fulton,Rating Area 7
17059,IL,Gallatin,Rating Area 13
17061,IL,Greene,Rating Area 11
17063,IL,Grundy,Rating Area 4
17065,IL,Hamilton,Rating Area 13
17067,IL,Hancock,Rating Area 6
17069,IL,Hardin,Rating Area 13
17071,IL,Henderson,Rating Area 6
17073,IL,Henry,Rating Area 6
17075,IL,Iroquois,Rating Area 9
17077,IL,Jackson,Rating Area 13
17079,IL,Jasper,Rating Area 13
17081,IL,Jefferson,Rating Area 13
17083,IL,Jersey,Rating Area 11
17085,IL,Jo Daviess,Rating Area 5
17087,IL,Johnson,Rating Area 13
17089,IL,Kane,Rating Area 3
17091,IL,Kankakee,Rating Area 4
17093,IL,Kendall,Rating Area 4
17095,IL,Knox,Rating Area 7
17097,IL,Lake,Rating Area 2
17099,IL,LaSalle,Rating Area 7
17101,IL,Lawrence,Rating Area 13
17103,IL,Lee,Rating Area 5
17105,IL,Livingston,Rating Area 8
17107,IL,Logan,Rating Area 10
17109,IL,McDonough,Rating Area 7
17111,IL,McHenry,Rating Area 2
17113,IL,McLean,Rating Area 8
17115,IL,Macon,Rating Area 10
17117,IL,Macoupin,Rating Area 11
17119,IL,Madison,Rating Area 12
17121,IL,Marion,Rating Area 13
17123,IL,Marshall,Rating Area 7
17125,IL,Mason,Rating Area 10
17127,IL,Massac,Rating Area 13
17129,IL,Menard,Rating Area 10
17131,IL,Mercer,Rating Area 6
17133,IL,Monroe,Rating Area 12
17135,IL,Montgomery,Rating Area 11
17137,IL,Morgan,Rating Area 10
17139,IL,Moultrie,Rating Area 10
17141,IL,Ogle,Rating Area 5
17143,IL,Peoria,Rating Area 7
17145,IL,Perry,Rating Area 13
17147,IL,Piatt,Rating Area 9
17149,IL,Pike,Rating Area 10
17151,IL,Pope,Rating Area 13
17153,IL,Pulaski,Rating Area 13
17155,IL,Putnam,Rating Area 7
17157,IL,Randolph,Rating Area 11
17159,IL,Richland,Rating Area 13
17161,IL,Rock Island,Rating Area 6
17163,IL,St. Clair,Rating Area 12
17165,IL,Saline,Rating Area 13
17167,IL,Sangamon,Rating Area 10
17169,IL,Schuyler,Rating Area 10
17171,IL,Scott,Rating Area 10
17173,IL,Shelby,Rating Area 10
17175,IL,Stark,Rating Area 7
17177,IL,Stephenson,Rating Area 5
17179,IL,Tazewell,Rating Area 7
17181,IL,Union,Rating Area 13
17183,IL,Vermilion,not found
17185,IL,Wabash,Rating Area 13
17187,IL,Warren,Rating Area 6
17189,IL,Washington,Rating Area 11
17191,IL,Wayne,Rating Area 13
17193,IL,White,Rating Area 13
17195,IL,Whiteside,Rating Area 6
17197,IL,Will,Rating Area 4
17199,IL,Williamson,Rating Area 13
17201,IL,Winnebago,Rating Area 5
17203,IL,Woodford,Rating Area 7
18001,IN,Adams,Rating Area 3
18003,IN,Allen,Rating Area 4
18005,IN,Bartholomew,Rating Area 12
18007,IN,Benton,Rating Area 5
18009,IN,Blackford,Rating Area 8
18011,IN,Boone,Rating Area 10
18013,IN,Brown,Rating Area 13
18015,IN,Carroll,Rating Area 7
18017,IN,Cass,Rating Area 6
18019,IN,Clark,Rating Area 16
18021,IN,Clay,Rating Area 9
18023,IN,Clinton,Rating Area 7
18025,IN,Crawford,Rating Area 16
18027,IN,Daviess,Rating Area 15
18029,IN,Dearborn,Rating Area 14
18031,IN,Decatur,Rating Area 12
18033,IN,DeKalb,Rating Area 3
18035,IN,Delaware,Rating Area 8
18037,IN,Dubois,Rating Area 15
18039,IN,Elkhart,Rating Area 2
18041,IN,Fayette,Rating Area 11
18043,IN,Floyd,Rating Area 16
18045,IN,Fountain,Rating Area 7
18047,IN,Franklin,Rating Area 14
18049,IN,Fulton,Rating Area 6
18051,IN,Gibson,Rating Area 17
18053,IN,Grant,Rating Area 8
18055,IN,Greene,Rating Area 15
18057,IN,Hamilton,Rating Area 10
18059,IN,Hancock,Rating Area 11
18061,IN,Harrison,Rating Area 16
18063,IN,Hendricks,Rating Area 10
18065,IN,Henry,Rating Area 11
18067,IN,Howard,Rating Area 6
18069,IN,Huntington,Rating Area 3
18071,IN,Jackson,Rating Area 12
18073,IN,Jasper,Rating Area 5
18075,IN,Jay,Rating Area 8
18077,IN,Jefferson,Rating Area 16
18079,IN,Jennings,Rating Area 12
18081,IN,Johnson,Rating Area 13
18083,IN,Knox,Rating Area 15
18085,IN,Kosciusko,Rating Area 2
18087,IN,Lagrange,Rating Area 3
18089,IN,Lake,Rating Area 1
18091,IN,La Porte,Rating Area 1
18093,IN,Lawrence,Rating Area 13
18095,IN,Madison,Rating Area 11
18097,IN,Marion,Rating Area 10
18099,IN,Marshall,Rating Area 2
18101,IN,Martin,Rating Area 15
18103,IN,Miami,Rating Area 6
18105,IN,Monroe,Rating Area 13
18107,IN,Montgomery,Rating Area 7
18109,IN,Morgan,Rating Area 10
18111,IN,Newton,Rating Area 5
18113,IN,Noble,Rating Area 3
18115,IN,Ohio,Rating Area 14
18117,IN,Orange,Rating Area 15
18119,IN,Owen,Rating Area 13
18121,IN,Parke,Rating Area 9
18123,IN,Perry,Rating Area 15
18125,IN,Pike,Rating Area 15
18127,IN,Porter,Rating Area 1
18129,IN,Posey,Rating Area 17
18131,IN,Pulaski,Rating Area 6
18133,IN,Putnam,Rating Area 7
18135,IN,Randolph,Rating Area 8
18137,IN,Ripley,Rating Area 14
18139,IN,Rush,Rating Area 12
18141,IN,St. Joseph,Rating Area 2
18143,IN,Scott,Rating Area 16
18145,IN,Shelby,Rating Area 10
18147,IN,Spencer,Rating Area 15
18149,IN,Starke,Rating Area 2
18151,IN,Steuben,Rating Area 3
18153,IN,Sullivan,Rating Area 9
18155,IN,Switzerland,Rating Area 14
18157,IN,Tippecanoe,Rating Area 7
18159,IN,Tipton,Rating Area 7
18161,IN,Union,Rating Area 11
18163,IN,Vanderburgh,Rating Area 17
18165,IN,Vermillion,Rating Area 9
18167,IN,Vigo,Rating Area 9
18169,IN,Wabash,Rating Area 3
18171,IN,Warren,Rating Area 5
18173,IN,Warrick,Rating Area 17
18175,IN,Washington,Rating Area 16
18177,IN,Wayne,Rating Area 11
18179,IN,Wells,Rating Area 3
18181,IN,White,Rating Area 5
18183,IN,Whitley,Rating Area 3
19001,IA,Adair,Rating Area 4
19003,IA,Adams,Rating Area 4
19005,IA,Allamakee,Rating Area 7
19007,IA,Appanoose,Rating Area 5
19009,IA,Audubon,Rating Area 4
19011,IA,Benton,Rating Area 6
19013,IA,Black Hawk,Rating Area 6
19015,IA,Boone,Rating Area 1
19017,IA,Bremer,Rating Area 7
19019,IA,Buchanan,Rating Area 6
19021,IA,Buena Vista,Rating Area 3
19023,IA,Butler,Rating Area 7
19025,IA,Calhoun,Rating Area 1
19027,IA,Carroll,Rating Area 1
19029,IA,Cass,Rating Area 4
19031,IA,Cedar,Rating Area 6
19033,IA,Cerro Gordo,Rating Area 7
19035,IA,Cherokee,Rating Area 3
19037,IA,Chickasaw,Rating Area 7
19039,IA,Clarke,Rating Area 4
19041,IA,Clay,Rating Area 3
19043,IA,Clayton,Rating Area 6
19045,IA,Clinton,Rating Area 6
19047,IA,Crawford,Rating Area 3
19049,IA,Dallas,Rating Area 2
19051,IA,Davis,Rating Area 5
19053,IA,Decatur,Rating Area 4
19055,IA,Delaware,Rating Area 6
19057,IA,Des Moines,Rating Area 5
19059,IA,Dickinson,Rating Area 3
19061,IA,Dubuque,Rating Area 6
19063,IA,Emmet,Rating Area 7
19065,IA,Fayette,Rating Area 7
19067,IA,Floyd,Rating Area 7
19069,IA,Franklin,Rating Area 7
19071,IA,Fremont,Rating Area 4
19073,IA,Greene,Rating Area 1
19075,IA,Grundy,Rating Area 1
19077,IA,Guthrie,Rating Area 4
19079,IA,Hamilton,Rating Area 1
19081,IA,Hancock,Rating Area 7
19083,IA,Hardin,Rating Area 1
19085,IA,Harrison,Rating Area 4
19087,IA,Henry,Rating Area 5
19089,IA,Howard,Rating Area 7
19091,IA,Humboldt,Rating Area 7
19093,IA,Ida,Rating Area 3
19095,IA,Iowa,Rating Area 6
19097,IA,Jackson,Rating Area 6
19099,IA,Jasper,Rating Area 2
19101,IA,Jefferson,Rating Area 5
19103,IA,Johnson,Rating Area 6
19105,IA,Jones,Rating Area 6
19107,IA,Keokuk,Rating Area 5
19109,IA,Kossuth,Rating Area 7
19111,IA,Lee,Rating Area 5
19113,IA,Linn,Rating Area 6
19115,IA,Louisa,Rating Area 5
19117,IA,Lucas,Rating Area 5
19119,IA,Lyon,Rating Area 3
19121,IA,Madison,Rating Area 2
19123,IA,Mahaska,Rating Area 5
19125,IA,Marion,Rating Area 2
19127,IA,Marshall,Rating Area 1
19129,IA,Mills,Rating Area 4
19131,IA,Mitchell,Rating Area 7
19133,IA,Monona,Rating Area 3
19135,IA,Monroe,Rating Area 5
19137,IA,Montgomery,Rating Area 4
19139,IA,Muscatine,Rating Area 5
19141,IA,O'Brien,Rating Area 3
19143,IA,Osceola,Rating Area 3
19145,IA,Page,Rating Area 4
19147,IA,Palo Alto,Rating Area 3
19149,IA,Plymouth,Rating Area 3
19151,IA,Pocahontas,Rating Area 3
19153,IA,Polk,Rating Area 2
19155,IA,Pottawattamie,Rating Area 4
19157,IA,Poweshiek,Rating Area 1
19159,IA,Ringgold,Rating Area 4
19161,IA,Sac,Rating Area 3
19163,IA,Scott,Rating Area 6
19165,IA,Shelby,Rating Area 4
19167,IA,Sioux,Rating Area 3
19169,IA,Story,Rating Area 1
19171,IA,Tama,Rating Area 1
19173,IA,Taylor,Rating Area 4
19175,IA,Union,Rating Area 4
19177,IA,Van Buren,Rating Area 5
19179,IA,Wapello,Rating Area 5
19181,IA,Warren,Rating Area 2
19183,IA,Washington,Rating Area 5
19185,IA,Wayne,Rating Area 5
19187,IA,Webster,Rating Area 1
19189,IA,Winnebago,Rating Area 7
19191,IA,Winneshiek,Rating Area 7
19193,IA,Woodbury,Rating Area 3
19195,IA,Worth,Rating Area 7
19197,IA,Wright,Rating Area 7
20001,KS,Allen,Rating Area 7
20003,KS,Anderson,Rating Area 2
20005,KS,Atchison,Rating Area 2
20007,KS,Barber,Rating Area 5
20009,KS,Barton,Rating Area 4
20011,KS,Bourbon,Rating Area 7
20013,KS,Brown,Rating Area 2
20015,KS,Butler,Rating Area 6
20017,KS,Chase,Rating Area 6
20019,KS,Chautauqua,Rating Area 6
20021,KS,Cherokee,Rating Area 7
20023,KS,Cheyenne,Rating Area 4
20025,KS,Clark,Rating Area 5
20027,KS,Clay,Rating Area 3
20029,KS,Cloud,Rating Area 3
20031,KS,Coffey,Rating Area 2
20033,KS,Comanche,Rating Area 5
20035,KS,Cowley,Rating Area 6
20037,KS,Crawford,Rating Area 7
20039,KS,Decatur,Rating Area 4
20041,KS,Dickinson,Rating Area 3
20043,KS,Doniphan,Rating Area 2
20045,KS,Douglas,Rating Area 2
20047,KS,Edwards,Rating Area 5
20049,KS,Elk,Rating Area 6
20051,KS,Ellis,Rating Area 4
20053,KS,Ellsworth,Rating Area 3
20055,KS,Finney,Rating Area 5
20057,KS,Ford,Rating Area 5
20059,KS,Franklin,Rating Area 2
20061,KS,Geary,Rating Area 3
20063,KS,Gove,Rating Area 4
20065,KS,Graham,Rating Area 4
20067,KS,Grant,Rating Area 5
20069,KS,Gray,Rating Area 5
20071,KS,Greeley,Rating Area 4
20073,KS,Greenwood,Rating Area 6
20075,KS,Hamilton,Rating Area 5
20077,KS,Harper,Rating Area 6
20079,KS,Harvey,Rating Area 6
20081,KS,Haskell,Rating Area 5
20083,KS,Hodgeman,Rating Area 5
20085,KS,Jackson,Rating Area 2
20087,KS,Jefferson,Rating Area 2
20089,KS,Jewell,Rating Area 3
20091,KS,Johnson,Rating Area 1
20093,KS,Kearny,Rating Area 5
20095,KS,Kingman,Rating Area 6
20097,KS,Kiowa,Rating Area 5
20099,KS,Labette,Rating Area 7
20101,KS,Lane,Rating Area 4
20103,KS,Leavenworth,Rating Area 1
20105,KS,Lincoln,Rating Area 3
20107,KS,Linn,Rating Area 2
20109,KS,Logan,Rating Area 4
20111,KS,Lyon,Rating Area 2
20113,KS,McPherson,Rating Area 6
20115,KS,Marion,Rating Area 6
20117,KS,Marshall,Rating Area 2
20119,KS,Meade,Rating Area 5
20121,KS,Miami,Rating Area 1
20123,KS,Mitchell,Rating Area 3
20125,KS,Montgomery,Rating Area 6
20127,KS,Morris,Rating Area 3
20129,KS,Morton,Rating Area 5
20131,KS,Nemaha,Rating Area 2
20133,KS,Neosho,Rating Area 7
20135,KS,Ness,Rating Area 4
20137,KS,Norton,Rating Area 4
20139,KS,Osage,Rating Area 2
20141,KS,Osborne,Rating Area 4
20143,KS,Ottawa,Rating Area 3
20145,KS,Pawnee,Rating Area 5
20147,KS,Phillips,Rating Area 4
20149,KS,Pottawatomie,Rating Area 2
20151,KS,Pratt,Rating Area 5
20153,KS,Rawlins,Rating Area 4
20155,KS,Reno,Rating Area 6
20157,KS,Republic,Rating Area 3
20159,KS,Rice,Rating Area 6
20161,KS,Riley,Rating Area 3
20163,KS,Rooks,Rating Area 4
20165,KS,Rush,Rating Area 4
20167,KS,Russell,Rating Area 4
20169,KS,Saline,Rating Area 3
20171,KS,Scott,Rating Area 4
20173,KS,Sedgwick,Rating Area 6
20175,KS,Seward,Rating Area 5
20177,KS,Shawnee,Rating Area 2
20179,KS,Sheridan,Rating Area 4
20181,KS,Sherman,Rating Area 4
20183,KS,Smith,Rating Area 4
20185,KS,Stafford,Rating Area 5
20187,KS,Stanton,Rating Area 5
20189,KS,Stevens,Rating Area 5
20191,KS,Sumner,Rating Area 6
20193,KS,Thomas,Rating Area 4
20195,KS,Trego,Rating Area 4
20197,KS,Wabaunsee,Rating Area 2
20199,KS,Wallace,Rating Area 4
20201,KS,Washington,Rating Area 3
20203,KS,Wichita,Rating Area 4
20205,KS,Wilson,Rating Area 6
20207,KS,Woodson,Rating Area 7
20209,KS,Wyandotte,Rating Area 1
21001,KY,Adair,Rating Area 4
21003,KY,Allen,Rating Area 4
21005,KY,Anderson,Rating Area 5
21007,KY,Ballard,Rating Area 1
21009,KY,Barren,Rating Area 4
21011,KY,Bath,Rating Area 7
21013,KY,Bell,Rating Area 8
21015,KY,Boone,Rating Area 6
21017,KY,Bourbon,Rating Area 5
21019,KY,Boyd,Rating Area 7
21021,KY,Boyle,Rating Area 5
21023,KY,Bracken,Rating Area 7
21025,KY,Breathitt,Rating Area 8
21027,KY,Breckinridge,Rating Area 3
21029,KY,Bullitt,Rating Area 3
21031,KY,Butler,Rating Area 4
21033,KY,Caldwell,Rating Area 1
21035,KY,Calloway,Rating Area 1
21037,KY,Campbell,Rating Area 6
21039,KY,Carlisle,Rating Area 1
21041,KY,Carroll,Rating Area 3
21043,KY,Carter,Rating Area 7
21045,KY,Casey,Rating Area 4
21047,KY,Christian,Rating Area 2
21049,KY,Clark,Rating Area 5
21051,KY,Clay,Rating Area 8
21053,KY,Clinton,Rating Area 4
21055,KY,Crittenden,Rating Area 1
21057,KY,Cumberland,Rating Area 4
21059,KY,Daviess,Rating Area 2
21061,KY,Edmonson,Rating Area 4
21063,KY,Elliott,Rating Area 7
21065,KY,Estill,Rating Area 5
21067,KY,Fayette,Rating Area 5
21069,KY,Fleming,Rating Area 7
21071,KY,Floyd,Rating Area 8
21073,KY,Franklin,Rating Area 5
21075,KY,Fulton,Rating Area 1
21077,KY,Gallatin,Rating Area 6
21079,KY,Garrard,Rating Area 5
21081,KY,Grant,Rating Area 6
21083,KY,Graves,Rating Area 1
21085,KY,Grayson,Rating Area 3
21087,KY,Green,Rating Area 4
21089,KY,Greenup,Rating Area 7
21091,KY,Hancock,Rating Area 2
21093,KY,Hardin,Rating Area 3
21095,KY,Harlan,Rating Area 8
21097,KY,Harrison,Rating Area 5
21099,KY,Hart,Rating Area 4
21101,KY,Henderson,Rating Area 2
21103,KY,Henry,Rating Area 3
21105,KY,Hickman,Rating Area 1
21107,KY,Hopkins,Rating Area 2
21109,KY,Jackson,Rating Area 5
21111,KY,Jefferson,Rating Area 3
21113,KY,Jessamine,Rating Area 5
21115,KY,Johnson,Rating Area 8
21117,KY,Kenton,Rating Area 6
21119,KY,Knott,Rating Area 8
21121,KY,Knox,Rating Area 8
21123,KY,Larue,Rating Area 3
21125,KY,Laurel,Rating Area 8
21127,KY,Lawrence,Rating Area 7
21129,KY,Lee,Rating Area 8
21131,KY,Leslie,Rating Area 8
21133,KY,Letcher,Rating Area 8
21135,KY,Lewis,Rating Area 7
21137,KY,Lincoln,Rating Area 5
21139,KY,Livingston,Rating Area 1
21141,KY,Logan,Rating Area 4
21143,KY,Lyon,Rating Area 1
21145,KY,McCracken,Rating Area 1
21147,KY,McCreary,Rating Area 4
21149,KY,McLean,Rating Area 2
21151,KY,Madison,Rating Area 5
21153,KY,Magoffin,Rating Area 8
21155,KY,Marion,Rating Area 3
21157,KY,Marshall,Rating Area 1
21159,KY,Martin,Rating Area 8
21161,KY,Mason,Rating Area 7
21163,KY,Meade,Rating Area 3
21165,KY,Menifee,Rating Area 7
21167,KY,Mercer,Rating Area 5
21169,KY,Metcalfe,Rating Area 4
21171,KY,Monroe,Rating Area 4
21173,KY,Montgomery,Rating Area 5
21175,KY,Morgan,Rating Area 7
21177,KY,Muhlenberg,Rating Area 2
21179,KY,Nelson,Rating Area 3
21181,KY,Nicholas,Rating Area 5
21183,KY,Ohio,Rating Area 2
21185,KY,Oldham,Rating Area 3
21187,KY,Owen,Rating Area 5
21189,KY,Owsley,Rating Area 8
21191,KY,Pendleton,Rating Area 6
21193,KY,Perry,Rating Area 8
21195,KY,Pike,Rating Area 8
21197,KY,Powell,Rating Area 5
21199,KY,Pulaski,Rating Area 4
21201,KY,Robertson,Rating Area 7
21203,KY,Rockcastle,Rating Area 5
21205,KY,Rowan,Rating Area 7
21207,KY,Russell,Rating Area 4
21209,KY,Scott,Rating Area 5
21211,KY,Shelby,Rating Area 3
21213,KY,Simpson,Rating Area 4
21215,KY,Spencer,Rating Area 3
21217,KY,Taylor,Rating Area 4
21219,KY,Todd,Rating Area 2
21221,KY,Trigg,Rating Area 2
21223,KY,Trimble,Rating Area 3
21225,KY,Union,Rating Area 2
21227,KY,Warren,Rating Area 4
21229,KY,Washington,Rating Area 3
21231,KY,Wayne,Rating Area 4
21233,KY,Webster,Rating Area 2
21235,KY,Whitley,Rating Area 8
21237,KY,Wolfe,Rating Area 8
21239,KY,Woodford,Rating Area 5
22001,LA,Acadia Parish,Rating Area 3
22003,LA,Allen Parish,Rating Area 4
22005,LA,Ascension Parish,Rating Area 5
22007,LA,Assumption Parish,Rating Area 2
22009,LA,Avoyelles Parish,Rating Area 6
22011,LA,Beauregard Parish,Rating Area 4
22013,LA,Bienville Parish,Rating Area 8
22015,LA,Bossier Parish,Rating Area 8
22017,LA,Caddo Parish,Rating Area 8
22019,LA,Calcasieu Parish,Rating Area 4
22021,LA,Caldwell Parish,Rating Area 7
22023,LA,Cameron Parish,Rating Area 4
22025,LA,Catahoula Parish,Rating Area 6
22027,LA,Claiborne Parish,Rating Area 8
22029,LA,Concordia Parish,Rating Area 6
22031,LA,De Soto Parish,Rating Area 8
22033,LA,East Baton Rouge Parish,Rating Area 5
22035,LA,East Carroll Parish,Rating Area 7
22037,LA,East Feliciana Parish,Rating Area 5
22039,LA,Evangeline Parish,Rating Area 3
22041,LA,Franklin Parish,Rating Area 7
22043,LA,Grant Parish,Rating Area 6
22045,LA,Iberia Parish,Rating Area 3
22047,LA,Iberville Parish,Rating Area 5
22049,LA,Jackson Parish,Rating Area 7
22051,LA,Jefferson Parish,Rating Area 1
22053,LA,Jefferson Davis Parish,Rating Area 4
22055,LA,Lafayette Parish,Rating Area 3
22057,LA,Lafourche Parish,Rating Area 2
22059,LA,La Salle Parish,Rating Area 6
22061,LA,Lincoln Parish,Rating Area 7
22063,LA,Livingston Parish,Rating Area 5
22065,LA,Madison Parish,Rating Area 7
22067,LA,Morehouse Parish,Rating Area 7
22069,LA,Natchitoches Parish,Rating Area 8
22071,LA,Orleans Parish,Rating Area 1
22073,LA,Ouachita Parish,Rating Area 7
22075,LA,Plaquemines Parish,Rating Area 1
22077,LA,Pointe Coupee Parish,Rating Area 5
22079,LA,Rapides Parish,Rating Area 6
22081,LA,Red River Parish,Rating Area 8
22083,LA,Richland Parish,Rating Area 7
22085,LA,Sabine Parish,Rating Area 8
22087,LA,St. Bernard Parish,Rating Area 1
22089,LA,St. Charles Parish,Rating Area 1
22091,LA,St. Helena Parish,Rating Area 5
22093,LA,St. James Parish,Rating Area 1
22095,LA,St. John the Baptist Parish,Rating Area 1
22097,LA,St. Landry Parish,Rating Area 3
22099,LA,St. Martin Parish,Rating Area 3
22101,LA,St. Mary Parish,Rating Area 3
22103,LA,St. Tammany Parish,Rating Area 1
22105,LA,Tangipahoa Parish,Rating Area 5
22107,LA,Tensas Parish,Rating Area 7
22109,LA,Terrebonne Parish,Rating Area 2
22111,LA,Union Parish,Rating Area 7
22113,LA,Vermillion Parish,Rating Area 3
22115,LA,Vernon Parish,Rating Area 6
22117,LA,Washington Parish,Rating Area 5
22119,LA,Webster Parish,Rating Area 8
22121,LA,West Baton Rouge Parish,Rating Area 5
22123,LA,West Carroll Parish,Rating Area 7
22125,LA,West Feliciana Parish,Rating Area 5
22127,LA,Winn Parish,Rating Area 6
25001,MA,Barnstable,Rating Area 7
25003,MA,Berkshire,Rating Area 1
25005,MA,Bristol,Rating Area 6
25007,MA,Dukes,Rating Area 7
25009,MA,Essex,Rating Area 4
25011,MA,Franklin,Rating Area 1
25013,MA,Hampden,Rating Area 1
25015,MA,Hampshire,Rating Area 1
25017,MA,Middlesex,Rating Area 4
25019,MA,Nantucket,Rating Area 7
25021,MA,Norfolk,Rating Area 3
25023,MA,Plymouth,Rating Area 6
25025,MA,Suffolk,Rating Area 5
25027,MA,Worcester,Rating Area 2
26001,MI,Alcona,Rating Area 15
26003,MI,Alger,Rating Area 16
26005,MI,Allegan,Rating Area 11
26007,MI,Alpena,Rating Area 15
26009,MI,Antrim,Rating Area 14
26011,MI,Arenac,Rating Area 8
26013,MI,Baraga,Rating Area 16
26015,MI,Barry,Rating Area 11
26017,MI,Bay,Rating Area 8
26019,MI,Benzie,Rating Area 14
26021,MI,Berrien,Rating Area 9
26023,MI,Branch,Rating Area 10
26025,MI,Calhoun,Rating Area 10
26027,MI,Cass,Rating Area 9
26029,MI,Charlevoix,Rating Area 14
26031,MI,Cheboygan,Rating Area 15
26033,MI,Chippewa,Rating Area 15
26035,MI,Clare,Rating Area 13
26037,MI,Clinton,Rating Area 7
26039,MI,Crawford,Rating Area 15
26041,MI,Delta,Rating Area 16
26043,MI,Dickinson,Rating Area 16
26045,MI,Eaton,Rating Area 7
26047,MI,Emmet,Rating Area 14
26049,MI,Genesee,Rating Area 5
26051,MI,Gladwin,Rating Area 13
26053,MI,Gogebic,Rating Area 16
26055,MI,Grand Traverse,Rating Area 14
26057,MI,Gratiot,Rating Area 8
26059,MI,Hillsdale,Rating Area 7
26061,MI,Houghton,Rating Area 16
26063,MI,Huron,Rating Area 6
26065,MI,Ingham,Rating Area 7
26067,MI,Ionia,Rating Area 12
26069,MI,Iosco,Rating Area 15
26071,MI,Iron,Rating Area 16
26073,MI,Isabella,Rating Area 13
26075,MI,Jackson,Rating Area 7
26077,MI,Kalamazoo,Rating Area 10
26079,MI,Kalkaska,Rating Area 14
26081,MI,Kent,Rating Area 12
26083,MI,Keweenaw,Rating Area 16
26085,MI,Lake,Rating Area 12
26087,MI,Lapeer,Rating Area 5
26089,MI,Leelanau,Rating Area 14
26091,MI,Lenawee,Rating Area 4
26093,MI,Livingston,Rating Area 4
26095,MI,Luce,Rating Area 16
26097,MI,Mackinac,Rating Area 15
26099,MI,Macomb,Rating Area 2
26101,MI,Manistee,Rating Area 14
26103,MI,Marquette,Rating Area 16
26105,MI,Mason,Rating Area 12
26107,MI,Mecosta,Rating Area 12
26109,MI,Menominee,Rating Area 16
26111,MI,Midland,Rating Area 13
26113,MI,Missaukee,Rating Area 14
26115,MI,Monroe,Rating Area 1
26117,MI,Montcalm,Rating Area 12
26119,MI,Montmorency,Rating Area 15
26121,MI,Muskegon,Rating Area 12
26123,MI,Newaygo,Rating Area 12
26125,MI,Oakland,Rating Area 2
26127,MI,Oceana,Rating Area 12
26129,MI,Ogemaw,Rating Area 15
26131,MI,Ontonagon,Rating Area 16
26133,MI,Osceola,Rating Area 12
26135,MI,Oscoda,Rating Area 15
26137,MI,Otsego,Rating Area 15
26139,MI,Ottawa,Rating Area 12
26141,MI,Presque Isle,Rating Area 15
26143,MI,Roscommon,Rating Area 15
26145,MI,Saginaw,Rating Area 8
26147,MI,St. Clair,Rating Area 3
26149,MI,St. Joseph,Rating Area 9
26151,MI,Sanilac,Rating Area 6
26153,MI,Schoolcraft,Rating Area 16
26155,MI,Shiawassee,Rating Area 5
26157,MI,Tuscola,Rating Area 6
26159,MI,Van Buren,Rating Area 9
26161,MI,Washtenaw,Rating Area 4
26163,MI,Wayne,Rating Area 1
26165,MI,Wexford,Rating Area 14
28001,MS,Adams,Rating Area 6
28003,MS,Alcorn,Rating Area 6
28005,MS,Amite,Rating Area 6
28007,MS,Attala,Rating Area 6
28009,MS,Benton,Rating Area 2
28011,MS,Bolivar,Rating Area 6
28013,MS,Calhoun,Rating Area 6
28015,MS,Carroll,Rating Area 6
28017,MS,Chickasaw,Rating Area 6
28019,MS,Choctaw,Rating Area 6
28021,MS,Claiborne,Rating Area 6
28023,MS,Clarke,Rating Area 6
28025,MS,Clay,Rating Area 6
28027,MS,Coahoma,Rating Area 6
28029,MS,Copiah,Rating Area 3
28031,MS,Covington,Rating Area 6
28033,MS,DeSoto,Rating Area 1
28035,MS,Forrest,Rating Area 4
28037,MS,Franklin,Rating Area 6
28039,MS,George,Rating Area 5
28041,MS,Greene,Rating Area 4
28043,MS,Grenada,Rating Area 6
28045,MS,Hancock,Rating Area 5
28047,MS,Harrison,Rating Area 5
28049,MS,Hinds,Rating Area 3
28051,MS,Holmes,Rating Area 6
28053,MS,Humphreys,Rating Area 6
28055,MS,Issaquena,Rating Area 6
28057,MS,Itawamba,Rating Area 2
28059,MS,Jackson,Rating Area 5
28061,MS,Jasper,Rating Area 6
28063,MS,Jefferson,Rating Area 6
28065,MS,Jefferson Davis,Rating Area 6
28067,MS,Jones,Rating Area 4
28069,MS,Kemper,Rating Area 6
28071,MS,Lafayette,Rating Area 6
28073,MS,Lamar,Rating Area 4
28075,MS,Lauderdale,Rating Area 6
28077,MS,Lawrence,Rating Area 6
28079,MS,Leake,Rating Area 6
28081,MS,Lee,Rating Area 2
28083,MS,Leflore,Rating Area 6
28085,MS,Lincoln,Rating Area 6
28087,MS,Lowndes,Rating Area 6
28089,MS,Madison,Rating Area 3
28091,MS,Marion,Rating Area 6
28093,MS,Marshall,Rating Area 1
28095,MS,Monroe,Rating Area 6
28097,MS,Montgomery,Rating Area 6
28099,MS,Neshoba,Rating Area 6
28101,MS,Newton,Rating Area 6
28103,MS,Noxubee,Rating Area 6
28105,MS,Oktibbeha,Rating Area 6
28107,MS,Panola,Rating Area 6
28109,MS,Pearl River,Rating Area 4
28111,MS,Perry,Rating Area 4
28113,MS,Pike,Rating Area 6
28115,MS,Pontotoc,Rating Area 2
28117,MS,Prentiss,Rating Area 6
28119,MS,Quitman,Rating Area 6
28121,MS,Rankin,Rating Area 3
28123,MS,Scott,Rating Area 6
28125,MS,Sharkey,Rating Area 6
28127,MS,Simpson,Rating Area 3
28129,MS,Smith,Rating Area 6
28131,MS,Stone,Rating Area 5
28133,MS,Sunflower,Rating Area 6
28135,MS,Tallahatchie,Rating Area 6
28137,MS,Tate,Rating Area 1
28139,MS,Tippah,Rating Area 2
28141,MS,Tishomingo,Rating Area 6
28143,MS,Tunica,Rating Area 1
28145,MS,Union,Rating Area 2
28147,MS,Walthall,Rating Area 6
28149,MS,Warren,Rating Area 3
28151,MS,Washington,Rating Area 6
28153,MS,Wayne,Rating Area 6
28155,MS,Webster,Rating Area 6
28157,MS,Wilkinson,Rating Area 6
28159,MS,Winston,Rating Area 6
28161,MS,Yalobusha,Rating Area 6
28163,MS,Yazoo,Rating Area 6
29001,MO,Adair,Rating Area 2
29003,MO,Andrew,Rating Area 1
29005,MO,Atchison,Rating Area 1
29007,MO,Audrain,Rating Area 5
29009,MO,Barry,Rating Area 8
29011,MO,Barton,Rating Area 7
29013,MO,Bates,Rating Area 4
29015,MO,Benton,Rating Area 4
29017,MO,Bollinger,Rating Area 10
29019,MO,Boone,Rating Area 5
29021,MO,Buchanan,Rating Area 1
29023,MO,Butler,Rating Area 10
29025,MO,Caldwell,Rating Area 1
29027,MO,Callaway,Rating Area 5
29029,MO,Camden,Rating Area 5
29031,MO,Cape Girardeau,Rating Area 10
29033,MO,Carroll,Rating Area 1
29035,MO,Carter,Rating Area 9
29037,MO,Cass,Rating Area 3
29039,MO,Cedar,Rating Area 8
29041,MO,Chariton,Rating Area 5
29043,MO,Christian,Rating Area 8
29045,MO,Clark,Rating Area 2
29047,MO,Clay,Rating Area 3
29049,MO,Clinton,Rating Area 1
29051,MO,Cole,Rating Area 5
29053,MO,Cooper,Rating Area 5
29055,MO,Crawford,Rating Area 9
29057,MO,Dade,Rating Area 8
29059,MO,Dallas,Rating Area 8
29061,MO,Daviess,Rating Area 1
29063,MO,DeKalb,Rating Area 1
29065,MO,Dent,Rating Area 9
29067,MO,Douglas,Rating Area 8
29069,MO,Dunklin,Rating Area 10
29071,MO,Franklin,Rating Area 6
29073,MO,Gasconade,Rating Area 5
29075,MO,Gentry,Rating Area 1
29077,MO,Greene,Rating Area 8
29079,MO,Grundy,Rating Area 1
29081,MO,Harrison,Rating Area 1
29083,MO,Henry,Rating Area 4
29085,MO,Hickory,Rating Area 8
29087,MO,Holt,Rating Area 1
29089,MO,Howard,Rating Area 5
29091,MO,Howell,Rating Area 9
29093,MO,Iron,Rating Area 9
29095,MO,Jackson,Rating Area 3
29097,MO,Jasper,Rating Area 7
29099,MO,Jefferson,Rating Area 6
29101,MO,Johnson,Rating Area 4
29103,MO,Knox,Rating Area 2
29105,MO,Laclede,Rating Area 8
29107,MO,Lafayette,Rating Area 4
29109,MO,Lawrence,Rating Area 8
29111,MO,Lewis,Rating Area 2
29113,MO,Lincoln,Rating Area 6
29115,MO,Linn,Rating Area 2
29117,MO,Livingston,Rating Area 1
29119,MO,McDonald,Rating Area 7
29121,MO,Macon,Rating Area 2
29123,MO,Madison,Rating Area 10
29125,MO,Maries,Rating Area 5
29127,MO,Marion,Rating Area 2
29129,MO,Mercer,Rating Area 1
29131,MO,Miller,Rating Area 5
29133,MO,Mississippi,Rating Area 10
29135,MO,Moniteau,Rating Area 5
29137,MO,Monroe,Rating Area 5
29139,MO,Montgomery,Rating Area 5
29141,MO,Morgan,Rating Area 5
29143,MO,New Madrid,Rating Area 10
29145,MO,Newton,Rating Area 7
29147,MO,Nodaway,Rating Area 1
29149,MO,Oregon,Rating Area 9
29151,MO,Osage,Rating Area 5
29153,MO,Ozark,Rating Area 8
29155,MO,Pemiscot,Rating Area 10
29157,MO,Perry,Rating Area 10
29159,MO,Pettis,Rating Area 4
29161,MO,Phelps,Rating Area 9
29163,MO,Pike,Rating Area 2
29165,MO,Platte,Rating Area 3
29167,MO,Polk,Rating Area 8
29169,MO,Pulaski,Rating Area 9
29171,MO,Putnam,Rating Area 2
29173,MO,Ralls,Rating Area 2
29175,MO,Randolph,Rating Area 5
29177,MO,Ray,Rating Area 1
29179,MO,Reynolds,Rating Area 9
29181,MO,Ripley,Rating Area 9
29183,MO,St. Charles,Rating Area 6
29185,MO,St. Clair,Rating Area 4
29186,MO,Ste. Genevieve,Rating Area 6
29187,MO,St. Francois,Rating Area 6
29189,MO,St. Louis,Rating Area 6
29195,MO,Saline,Rating Area 4
29197,MO,Schuyler,Rating Area 2
29199,MO,Scotland,Rating Area 2
29201,MO,Scott,Rating Area 10
29203,MO,Shannon,Rating Area 9
29205,MO,Shelby,Rating Area 2
29207,MO,Stoddard,Rating Area 10
29209,MO,Stone,Rating Area 8
29211,MO,Sullivan,Rating Area 2
29213,MO,Taney,Rating Area 8
29215,MO,Texas,Rating Area 9
29217,MO,Vernon,Rating Area 4
29219,MO,Warren,Rating Area 6
29221,MO,Washington,Rating Area 6
29223,MO,Wayne,Rating Area 10
29225,MO,Webster,Rating Area 8
29227,MO,Worth,Rating Area 1
29229,MO,Wright,Rating Area 8
29510,MO,St. Louis,Rating Area 6
30001,MT,Beaverhead,Rating Area 4
30003,MT,Big Horn,Rating Area 4
30005,MT,Blaine,Rating Area 4
30007,MT,Broadwater,Rating Area 2
30009,MT,Carbon,Rating Area 1
30011,MT,Carter,Rating Area 4
30013,MT,Cascade,Rating Area 2
30015,MT,Chouteau,Rating Area 2
30017,MT,Custer,Rating Area 4
30019,MT,Daniels,Rating Area 4
30021,MT,Dawson,Rating Area 4
30023,MT,Deer Lodge,Rating Area 2
30025,MT,Fallon,Rating Area 4
30027,MT,Fergus,Rating Area 4
30029,MT,Flathead,Rating Area 3
30031,MT,Gallatin,Rating Area 2
30033,MT,Garfield,Rating Area 4
30035,MT,Glacier,Rating Area 4
30037,MT,Golden Valley,Rating Area 4
30039,MT,Granite,Rating Area 4
30041,MT,Hill,Rating Area 4
30043,MT,Jefferson,Rating Area 2
30045,MT,Judith Basin,Rating Area 2
30047,MT,Lake County,Rating Area 3
30049,MT,Lewis and Clark,Rating Area 2
30051,MT,Liberty,Rating Area 4
30053,MT,Lincoln,Rating Area 4
30055,MT,McCone,Rating Area 4
30057,MT,Madison,Rating Area 4
30059,MT,Meagher,Rating Area 4
30061,MT,Mineral,Rating Area 4
30063,MT,Missoula,Rating Area 3
30065,MT,Musselshell,Rating Area 1
30067,MT,Park,Rating Area 4
30069,MT,Petroleum,Rating Area 4
30071,MT,Phillips,Rating Area 4
30073,MT,Pondera,Rating Area 4
30075,MT,Powder River,Rating Area 4
30077,MT,Powell,Rating Area 4
30079,MT,Prairie,Rating Area 4
30081,MT,Ravalli,Rating Area 4
30083,MT,Richland,Rating Area 4
30085,MT,Roosevelt,Rating Area 4
30087,MT,Rosebud,Rating Area 4
30089,MT,Sanders,Rating Area 4
30091,MT,Sheridan,Rating Area 4
30093,MT,Silver Bow,Rating Area 2
30095,MT,Stillwater,Rating Area 1
30097,MT,Sweet Grass,Rating Area 1
30099,MT,Teton,Rating Area 2
30101,MT,Toole,Rating Area 4
30103,MT,Treasure,Rating Area 4
30105,MT,Valley,Rating Area 4
30107,MT,Wheatland,Rating Area 4
30109,MT,Wibaux,Rating Area 4
30111,MT,Yellowstone,Rating Area 1
30113,MT,Yellowstone National Park,Rating Area 1
31001,NE,Adams,Rating Area 3
31003,NE,Antelope,Rating Area 3
31005,NE,Arthur,Rating Area 4
31007,NE,Banner,Rating Area 4
31009,NE,Blaine,Rating Area 3
31011,NE,Boone,Rating Area 3
31013,NE,Box Butte,Rating Area 4
31015,NE,Boyd,Rating Area 3
31017,NE,Brown,Rating Area 4
31019,NE,Buffalo,Rating Area 3
31021,NE,Burt,Rating Area 1
31023,NE,Butler,Rating Area 3
31025,NE,Cass,Rating Area 2
31027,NE,Cedar,Rating Area 3
31029,NE,Chase,Rating Area 4
31031,NE,Cherry,Rating Area 4
31033,NE,Cheyenne,Rating Area 4
31035,NE,Clay,Rating Area 3
31037,NE,Colfax,Rating Area 3
31039,NE,Cuming,Rating Area 3
31041,NE,Custer,Rating Area 3
31043,NE,Dakota,Rating Area 3
31045,NE,Dawes,Rating Area 4
31047,NE,Dawson,Rating Area 3
31049,NE,Deuel,Rating Area 4
31051,NE,Dixon,Rating Area 3
31053,NE,Dodge,Rating Area 1
31055,NE,Douglas,Rating Area 1
31057,NE,Dundy,Rating Area 4
31059,NE,Fillmore,Rating Area 2
31061,NE,Franklin,Rating Area 3
31063,NE,Frontier,Rating Area 4
31065,NE,Furnas,Rating Area 3
31067,NE,Gage,Rating Area 2
31069,NE,Garden,Rating Area 4
31071,NE,Garfield,Rating Area 3
31073,NE,Gosper,Rating Area 3
31075,NE,Grant,Rating Area 4
31077,NE,Greeley,Rating Area 3
31079,NE,Hall,Rating Area 3
31081,NE,Hamilton,Rating Area 3
31083,NE,Harlan,Rating Area 3
31085,NE,Hayes,Rating Area 4
31087,NE,Hitchcock,Rating Area 4
31089,NE,Holt,Rating Area 3
31091,NE,Hooker,Rating Area 4
31093,NE,Howard,Rating Area 3
31095,NE,Jefferson,Rating Area 2
31097,NE,Johnson,Rating Area 2
31099,NE,Kearney,Rating Area 3
31101,NE,Keith,Rating Area 4
31103,NE,Keya Paha,Rating Area 3
31105,NE,Kimball,Rating Area 4
31107,NE,Knox,Rating Area 3
31109,NE,Lancaster,Rating Area 2
31111,NE,Lincoln,Rating Area 4
31113,NE,Logan,Rating Area 4
31115,NE,Loup,Rating Area 3
31117,NE,McPherson,Rating Area 4
31119,NE,Madison,Rating Area 3
31121,NE,Merrick,Rating Area 3
31123,NE,Morrill,Rating Area 4
31125,NE,Nance,Rating Area 3
31127,NE,Nemaha,Rating Area 2
31129,NE,Nuckolls,Rating Area 3
31131,NE,Otoe,Rating Area 2
31133,NE,Pawnee,Rating Area 2
31135,NE,Perkins,Rating Area 4
31137,NE,Phelps,Rating Area 3
31139,NE,Pierce,Rating Area 3
31141,NE,Platte,Rating Area 3
31143,NE,Polk,Rating Area 3
31145,NE,Red Willow,Rating Area 4
31147,NE,Richardson,Rating Area 2
31149,NE,Rock,Rating Area 3
31151,NE,Saline,Rating Area 2
31153,NE,Sarpy,Rating Area 1
31155,NE,Saunders,Rating Area 1
31157,NE,Scotts Bluff,Rating Area 4
31159,NE,Seward,Rating Area 2
31161,NE,Sheridan,Rating Area 4
31163,NE,Sherman,Rating Area 3
31165,NE,Sioux,Rating Area 4
31167,NE,Stanton,Rating Area 3
31169,NE,Thayer,Rating Area 2
31171,NE,Thomas,Rating Area 4
31173,NE,Thurston,Rating Area 1
31175,NE,Valley,Rating Area 3
31177,NE,Washington,Rating Area 1
31179,NE,Wayne,Rating Area 3
31181,NE,Webster,Rating Area 3
31183,NE,Wheeler,Rating Area 3
31185,NE,York,Rating Area 2
33001,NH,Belknap,Rating Area 1
33003,NH,Carroll,Rating Area 1
33005,NH,Cheshire,Rating Area 1
33007,NH,Coos,Rating Area 1
33009,NH,Grafton,Rating Area 1
33011,NH,Hillsborough,Rating Area 1
33013,NH,Merrimack,Rating Area 1
33015,NH,Rockingham,Rating Area 1
33017,NH,Strafford,Rating Area 1
33019,NH,Sullivan,Rating Area 1
37001,NC,Alamance,Rating Area 11
37003,NC,Alexander,Rating Area 2
37005,NC,Alleghany,Rating Area 3
37007,NC,Anson,Rating Area 4
37009,NC,Ashe,Rating Area 3
37011,NC,Avery,Rating Area 1
37013,NC,Beaufort,Rating Area 16
37015,NC,Bertie,Rating Area 12
37017,NC,Bladen,Rating Area 9
37019,NC,Brunswick,Rating Area 15
37021,NC,Buncombe,Rating Area 1
37023,NC,Burke,Rating Area 2
37025,NC,Cabarrus,Rating Area 4
37027,NC,Caldwell,Rating Area 2
37029,NC,Camden,Rating Area 12
37031,NC,Carteret,Rating Area 16
37033,NC,Caswell,Rating Area 11
37035,NC,Catawba,Rating Area 2
37037,NC,Chatham,Rating Area 11
37039,NC,Cherokee,Rating Area 1
37041,NC,Chowan,Rating Area 12
37043,NC,Clay,Rating Area 1
37045,NC,Cleveland,Rating Area 5
37047,NC,Columbus,Rating Area 15
37049,NC,Craven,Rating Area 16
37051,NC,Cumberland,Rating Area 9
37053,NC,Currituck,Rating Area 12
37055,NC,Dare,Rating Area 16
37057,NC,Davidson,Rating Area 6
37059,NC,Davie,Rating Area 6
37061,NC,Duplin,Rating Area 15
37063,NC,Durham,Rating Area 11
37065,NC,Edgecombe,Rating Area 14
37067,NC,Forsyth,Rating Area 6
37069,NC,Franklin,Rating Area 13
37071,NC,Gaston,Rating Area 5
37073,NC,Gates,Rating Area 12
37075,NC,Graham,Rating Area 1
37077,NC,Granville,Rating Area 10
37079,NC,Greene,Rating Area 14
37081,NC,Guilford,Rating Area 7
37083,NC,Halifax,Rating Area 12
37085,NC,Harnett,Rating Area 9
37087,NC,Haywood,Rating Area 1
37089,NC,Henderson,Rating Area 1
37091,NC,Hertford,Rating Area 12
37093,NC,Hoke,Rating Area 9
37095,NC,Hyde,Rating Area 16
37097,NC,Iredell,Rating Area 2
37099,NC,Jackson,Rating Area 1
37101,NC,Johnston,Rating Area 13
37103,NC,Jones,Rating Area 16
37105,NC,Lee,Rating Area 11
37107,NC,Lenoir,Rating Area 16
37109,NC,Lincoln,Rating Area 5
37111,NC,McDowell,Rating Area 1
37113,NC,Macon,Rating Area 1
37115,NC,Madison,Rating Area 1
37117,NC,Martin,Rating Area 12
37119,NC,Mecklenburg,Rating Area 4
37121,NC,Mitchell,Rating Area 1
37123,NC,Montgomery,Rating Area 8
37125,NC,Moore,Rating Area 8
37127,NC,Nash,Rating Area 14
37129,NC,New Hanover,Rating Area 15
37131,NC,Northampton,Rating Area 12
37133,NC,Onslow,Rating Area 15
37135,NC,Orange,Rating Area 11
37137,NC,Pamlico,Rating Area 16
37139,NC,Pasquotank,Rating Area 12
37141,NC,Pender,Rating Area 15
37143,NC,Perquimans,Rating Area 12
37145,NC,Person,Rating Area 11
37147,NC,Pitt,Rating Area 14
37149,NC,Polk,Rating Area 1
37151,NC,Randolph,Rating Area 7
37153,NC,Richmond,Rating Area 9
37155,NC,Robeson,Rating Area 9
37157,NC,Rockingham,Rating Area 7
37159,NC,Rowan,Rating Area 4
37161,NC,Rutherford,Rating Area 1
37163,NC,Sampson,Rating Area 9
37165,NC,Scotland,Rating Area 9
37167,NC,Stanly,Rating Area 4
37169,NC,Stokes,Rating Area 6
37171,NC,Surry,Rating Area 6
37173,NC,Swain,Rating Area 1
37175,NC,Transylvania,Rating Area 1
37177,NC,Tyrrell,Rating Area 16
37179,NC,Union,Rating Area 4
37181,NC,Vance,Rating Area 10
37183,NC,Wake,Rating Area 13
37185,NC,Warren,Rating Area 10
37187,NC,Washington,Rating Area 16
37189,NC,Watauga,Rating Area 3
37191,NC,Wayne,Rating Area 14
37193,NC,Wilkes,Rating Area 3
37195,NC,Wilson,Rating Area 14
37197,NC,Yadkin,Rating Area 6
37199,NC,Yancey,Rating Area 1
38001,ND,Adams,Rating Area 4
38003,ND,Barnes,Rating Area 4
38005,ND,Benson,Rating Area 4
38007,ND,Billings,Rating Area 4
38009,ND,Bottineau,Rating Area 4
38011,ND,Bowman,Rating Area 4
38013,ND,Burke,Rating Area 4
38015,ND,Burleigh,Rating Area 1
38017,ND,Cass,Rating Area 2
38019,ND,Cavalier,Rating Area 4
38021,ND,Dickey,Rating Area 4
38023,ND,Divide,Rating Area 4
38025,ND,Dunn,Rating Area 4
38027,ND,Eddy,Rating Area 4
38029,ND,Emmons,Rating Area 4
38031,ND,Foster,Rating Area 4
38033,ND,Golden Valley,Rating Area 4
38035,ND,Grand Forks,Rating Area 3
38037,ND,Grant,Rating Area 4
38039,ND,Griggs,Rating Area 4
38041,ND,Hettinger,Rating Area 4
38043,ND,Kidder,Rating Area 4
38045,ND,LaMoure,Rating Area 4
38047,ND,Logan,Rating Area 4
38049,ND,McHenry,Rating Area 4
38051,ND,McIntosh,Rating Area 4
38053,ND,McKenzie,Rating Area 4
38055,ND,McLean,Rating Area 4
38057,ND,Mercer,Rating Area 4
38059,ND,Morton,Rating Area 1
38061,ND,Mountrail,Rating Area 4
38063,ND,Nelson,Rating Area 4
38065,ND,Oliver,Rating Area 4
38067,ND,Pembina,Rating Area 4
38069,ND,Pierce,Rating Area 4
38071,ND,Ramsey,Rating Area 4
38073,ND,Ransom,Rating Area 4
38075,ND,Renville,Rating Area 4
38077,ND,Richland,Rating Area 4
38079,ND,Rolette,Rating Area 4
38081,ND,Sargent,Rating Area 4
38083,ND,Sheridan,Rating Area 4
38085,ND,Sioux,Rating Area 4
38087,ND,Slope,Rating Area 4
38089,ND,Stark,Rating Area 4
38091,ND,Steele,Rating Area 4
38093,ND,Stutsman,Rating Area 4
38095,ND,Towner,Rating Area 4
38097,ND,Traill,Rating Area 4
38099,ND,Walsh,Rating Area 4
38101,ND,Ward,Rating Area 4
38103,ND,Wells,Rating Area 4
38105,ND,Williams,Rating Area 4
39001,OH,Adams,Rating Area 5
39003,OH,Allen,Rating Area 2
39005,OH,Ashland,Rating Area 12
39007,OH,Ashtabula,Rating Area 11
39009,OH,Athens,Rating Area 17
39011,OH,Auglaize,Rating Area 2
39013,OH,Belmont,Rating Area 16
39015,OH,Brown,Rating Area 5
39017,OH,Butler,Rating Area 4
39019,OH,Carroll,Rating Area 15
39021,OH,Champaign,Rating Area 3
39023,OH,Clark,Rating Area 3
39025,OH,Clermont,Rating Area 5
39027,OH,Clinton,Rating Area 5
39029,OH,Columbiana,Rating Area 13
39031,OH,Coshocton,Rating Area 16
39033,OH,Crawford,Rating Area 7
39035,OH,Cuyahoga,Rating Area 11
39037,OH,Darke,Rating Area 3
39039,OH,Defiance,Rating Area 1
39041,OH,Delaware,Rating Area 9
39043,OH,Erie,Rating Area 6
39045,OH,Fairfield,Rating Area 9
39047,OH,Fayette,Rating Area 9
39049,OH,Franklin,Rating Area 9
39051,OH,Fulton,Rating Area 1
39053,OH,Gallia,Rating Area 10
39055,OH,Geauga,Rating Area 11
39057,OH,Greene,Rating Area 3
39059,OH,Guernsey,Rating Area 16
39061,OH,Hamilton,Rating Area 4
39063,OH,Hancock,Rating Area 2
39065,OH,Hardin,Rating Area 2
39067,OH,Harrison,Rating Area 16
39069,OH,Henry,Rating Area 1
39071,OH,Highland,Rating Area 5
39073,OH,Hocking,Rating Area 17
39075,OH,Holmes,Rating Area 14
39077,OH,Huron,Rating Area 6
39079,OH,Jackson,Rating Area 10
39081,OH,Jefferson,Rating Area 16
39083,OH,Knox,Rating Area 9
39085,OH,Lake,Rating Area 11
39087,OH,Lawrence,Rating Area 10
39089,OH,Licking,Rating Area 9
39091,OH,Logan,Rating Area 9
39093,OH,Lorain,Rating Area 11
39095,OH,Lucas,Rating Area 1
39097,OH,Madison,Rating Area 9
39099,OH,Mahoning,Rating Area 13
39101,OH,Marion,Rating Area 8
39103,OH,Medina,Rating Area 12
39105,OH,Meigs,Rating Area 17
39107,OH,Mercer,Rating Area 2
39109,OH,Miami,Rating Area 3
39111,OH,Monroe,Rating Area 16
39113,OH,Montgomery,Rating Area 3
39115,OH,Morgan,Rating Area 16
39117,OH,Morrow,Rating Area 8
39119,OH,Muskingum,Rating Area 16
39121,OH,Noble,Rating Area 16
39123,OH,Ottawa,Rating Area 6
39125,OH,Paulding,Rating Area 2
39127,OH,Perry,Rating Area 16
39129,OH,Pickaway,Rating Area 9
39131,OH,Pike,Rating Area 10
39133,OH,Portage,Rating Area 12
39135,OH,Preble,Rating Area 3
39137,OH,Putnam,Rating Area 2
39139,OH,Richland,Rating Area 7
39141,OH,Ross,Rating Area 10
39143,OH,Sandusky,Rating Area 6
39145,OH,Scioto,Rating Area 10
39147,OH,Seneca,Rating Area 6
39149,OH,Shelby,Rating Area 3
39151,OH,Stark,Rating Area 15
39153,OH,Summit,Rating Area 12
39155,OH,Trumbull,Rating Area 13
39157,OH,Tuscarawas,Rating Area 16
39159,OH,Union,Rating Area 9
39161,OH,Van Wert,Rating Area 2
39163,OH,Vinton,Rating Area 10
39165,OH,Warren,Rating Area 4
39167,OH,Washington,Rating Area 17
39169,OH,Wayne,Rating Area 14
39171,OH,Williams,Rating Area 1
39173,OH,Wood,Rating Area 1
39175,OH,Wyandot,Rating Area 6
40001,OK,Adair,Rating Area 5
40003,OK,Alfalfa,Rating Area 5
40005,OK,Atoka,Rating Area 5
40007,OK,Beaver,Rating Area 5
40009,OK,Beckham,Rating Area 5
40011,OK,Blaine,Rating Area 5
40013,OK,Bryan,Rating Area 5
40015,OK,Caddo,Rating Area 5
40017,OK,Canadian,Rating Area 3
40019,OK,Carter,Rating Area 5
40021,OK,Cherokee,Rating Area 5
40023,OK,Choctaw,Rating Area 5
40025,OK,Cimarron,Rating Area 5
40027,OK,Cleveland,Rating Area 3
40029,OK,Coal,Rating Area 5
40031,OK,Comanche,Rating Area 2
40033,OK,Cotton,Rating Area 5
40035,OK,Craig,Rating Area 5
40037,OK,Creek,Rating Area 4
40039,OK,Custer,Rating Area 5
40041,OK,Delaware,Rating Area 5
40043,OK,Dewey,Rating Area 5
40045,OK,Ellis,Rating Area 5
40047,OK,Garfield,Rating Area 5
40049,OK,Garvin,Rating Area 5
40051,OK,Grady,Rating Area 3
40053,OK,Grant,Rating Area 5
40055,OK,Greer,Rating Area 5
40057,OK,Harmon,Rating Area 5
40059,OK,Harper,Rating Area 5
40061,OK,Haskell,Rating Area 5
40063,OK,Hughes,Rating Area 5
40065,OK,Jackson,Rating Area 5
40067,OK,Jefferson,Rating Area 5
40069,OK,Johnston,Rating Area 5
40071,OK,Kay,Rating Area 5
40073,OK,Kingfisher,Rating Area 5
40075,OK,Kiowa,Rating Area 5
40077,OK,Latimer,Rating Area 5
40079,OK,Le Flore,Rating Area 1
40081,OK,Lincoln,Rating Area 3
40083,OK,Logan,Rating Area 3
40085,OK,Love,Rating Area 5
40087,OK,McClain,Rating Area 3
40089,OK,McCurtain,Rating Area 5
40091,OK,McIntosh,Rating Area 5
40093,OK,Major,Rating Area 5
40095,OK,Marshall,Rating Area 5
40097,OK,Mayes,Rating Area 5
40099,OK,Murray,Rating Area 5
40101,OK,Muskogee,Rating Area 5
40103,OK,Noble,Rating Area 5
40105,OK,Nowata,Rating Area 5
40107,OK,Okfuskee,Rating Area 5
40109,OK,Oklahoma,Rating Area 3
40111,OK,Okmulgee,Rating Area 4
40113,OK,Osage,Rating Area 4
40115,OK,Ottawa,Rating Area 5
40117,OK,Pawnee,Rating Area 4
40119,OK,Payne,Rating Area 5
40121,OK,Pittsburg,Rating Area 5
40123,OK,Pontotoc,Rating Area 5
40125,OK,Pottawatomie,Rating Area 5
40127,OK,Pushmataha,Rating Area 5
40129,OK,Roger Mills,Rating Area 5
40131,OK,Rogers,Rating Area 4
40133,OK,Seminole,Rating Area 5
40135,OK,Sequoyah,Rating Area 1
40137,OK,Stephens,Rating Area 5
40139,OK,Texas,Rating Area 5
40141,OK,Tillman,Rating Area 5
40143,OK,Tulsa,Rating Area 4
40145,OK,Wagoner,Rating Area 4
40147,OK,Washington,Rating Area 5
40149,OK,Washita,Rating Area 5
40151,OK,Woods,Rating Area 5
40153,OK,Woodward,Rating Area 5
41001,OR,Baker,Rating Area 6
41003,OR,Benton,Rating Area 2
41005,OR,Clackamas,Rating Area 1
41007,OR,Clatsop,Rating Area 5
41009,OR,Columbia,Rating Area 5
41011,OR,Coos,Rating Area 5
41013,OR,Crook,Rating Area 6
41015,OR,Curry,Rating Area 5
41017,OR,Deschutes,Rating Area 4
41019,OR,Douglas,Rating Area 7
41021,OR,Gilliam,Rating Area 6
41023,OR,Grant,Rating Area 6
41025,OR,Harney,Rating Area 6
41027,OR,Hood River,Rating Area 6
41029,OR,Jackson,Rating Area 7
41031,OR,Jefferson,Rating Area 6
41033,OR,Josephine,Rating Area 7
41035,OR,Klamath,Rating Area 4
41037,OR,Lake,Rating Area 4
41039,OR,Lane,Rating Area 2
41041,OR,Lincoln,Rating Area 5
41043,OR,Linn,Rating Area 2
41045,OR,Malheur,Rating Area 6
41047,OR,Marion,Rating Area 3
41049,OR,Morrow,Rating Area 6
41051,OR,Multnomah,Rating Area 1
41053,OR,Polk,Rating Area 3
41055,OR,Sherman,Rating Area 6
41057,OR,Tillamook,Rating Area 5
41059,OR,Umatilla,Rating Area 6
41061,OR,Union,Rating Area 6
41063,OR,Wallowa,Rating Area 6
41065,OR,Wasco,Rating Area 6
41067,OR,Washington,Rating Area 1
41069,OR,Wheeler,Rating Area 6
41071,OR,Yamhill,Rating Area 1
45001,SC,Abbeville,Rating Area 1
45003,SC,Aiken,Rating Area 2
45005,SC,Allendale,Rating Area 3
45007,SC,Anderson,Rating Area 4
45009,SC,Bamberg,Rating Area 5
45011,SC,Barnwell,Rating Area 6
45013,SC,Beaufort,Rating Area 7
45015,SC,Berkeley,Rating Area 8
45017,SC,Calhoun,Rating Area 9
45019,SC,Charleston,Rating Area 10
45021,SC,Cherokee,Rating Area 11
45023,SC,Chester,Rating Area 12
45025,SC,Chesterfield,Rating Area 13
45027,SC,Clarendon,Rating Area 14
45029,SC,Colleton,Rating Area 15
45031,SC,Darlington,Rating Area 16
45033,SC,Dillon,Rating Area 17
45035,SC,Dorchester,Rating Area 18
45037,SC,Edgefield,Rating Area 19
45039,SC,Fairfield,Rating Area 20
45041,SC,Florence,Rating Area 21
45043,SC,Georgetown,Rating Area 22
45045,SC,Greenville,Rating Area 23
45047,SC,Greenwood,Rating Area 24
45049,SC,Hampton,Rating Area 25
45051,SC,Horry,Rating Area 26
45053,SC,Jasper,Rating Area 27
45055,SC,Kershaw,Rating Area 28
45057,SC,Lancaster,Rating Area 29
45059,SC,Laurens,Rating Area 30
45061,SC,Lee,Rating Area 31
45063,SC,Lexington,Rating Area 32
45065,SC,McCormick,Rating Area 33
45067,SC,Marion,Rating Area 34
45069,SC,Marlboro,Rating Area 35
45071,SC,Newberry,Rating Area 36
45073,SC,Oconee,Rating Area 37
45075,SC,Orangeburg,Rating Area 38
45077,SC,Pickens,Rating Area 39
45079,SC,Richland,Rating Area 40
45081,SC,Saluda,Rating Area 41
45083,SC,Spartanburg,Rating Area 42
45085,SC,Sumter,Rating Area 43
45087,SC,Union,Rating Area 44
45089,SC,Williamsburg,Rating Area 45
45091,SC,York,Rating Area 46
46003,SD,Aurora,Rating Area 4
46005,SD,Beadle,Rating Area 3
46007,SD,Bennett,Rating Area 1
46009,SD,Bon Homme,Rating Area 4
46011,SD,Brookings,Rating Area 3
46013,SD,Brown,Rating Area 3
46015,SD,Brule,Rating Area 4
46017,SD,Buffalo,Rating Area 4
46019,SD,Butte,Rating Area 1
46021,SD,Campbell,Rating Area 3
46023,SD,Charles Mix,Rating Area 4
46025,SD,Clark,Rating Area 3
46027,SD,Clay,Rating Area 2
46029,SD,Codington,Rating Area 3
46031,SD,Corson,Rating Area 3
46033,SD,Custer,Rating Area 1
46035,SD,Davison,Rating Area 4
46037,SD,Day,Rating Area 3
46039,SD,Deuel,Rating Area 3
46041,SD,Dewey,Rating Area 3
46043,SD,Douglas,Rating Area 4
46045,SD,Edmunds,Rating Area 3
46047,SD,Fall River,Rating Area 1
46049,SD,Faulk,Rating Area 3
46051,SD,Grant,Rating Area 3
46053,SD,Gregory,Rating Area 4
46055,SD,Haakon,Rating Area 1
46057,SD,Hamlin,Rating Area 3
46059,SD,Hand,Rating Area 4
46061,SD,Hanson,Rating Area 4
46063,SD,Harding,Rating Area 1
46065,SD,Hughes,Rating Area 4
46067,SD,Hutchinson,Rating Area 4
46069,SD,Hyde,Rating Area 4
46071,SD,Jackson,Rating Area 1
46073,SD,Jerauld,Rating Area 4
46075,SD,Jones,Rating Area 1
46077,SD,Kingsbury,Rating Area 3
46079,SD,Lake,Rating Area 2
46081,SD,Lawrence,Rating Area 1
46083,SD,Lincoln,Rating Area 2
46085,SD,Lyman,Rating Area 4
46087,SD,McCook,Rating Area 2
46089,SD,McPherson,Rating Area 3
46091,SD,Marshall,Rating Area 3
46093,SD,Meade,Rating Area 1
46095,SD,Mellette,Rating Area 1
46097,SD,Miner,Rating Area 4
46099,SD,Minnehaha,Rating Area 2
46101,SD,Moody,Rating Area 2
46103,SD,Pennington,Rating Area 1
46105,SD,Perkins,Rating Area 1
46107,SD,Potter,Rating Area 3
46109,SD,Roberts,Rating Area 3
46111,SD,Sanborn,Rating Area 4
46113,SD,Ogalala Lakota,Rating Area 1
46115,SD,Spink,Rating Area 3
46117,SD,Stanley,Rating Area 4
46119,SD,Sully,Rating Area 4
46121,SD,Todd,Rating Area 1
46123,SD,Tripp,Rating Area 4
46125,SD,Turner,Rating Area 2
46127,SD,Union,Rating Area 2
46129,SD,Walworth,Rating Area 3
46135,SD,Yankton,Rating Area 4
46137,SD,Ziebach,Rating Area 1
47001,TN,Anderson,Rating Area 2
47003,TN,Bedford,Rating Area 8
47005,TN,Benton,Rating Area 5
47007,TN,Bledsoe,Rating Area 3
47009,TN,Blount,Rating Area 2
47011,TN,Bradley,Rating Area 3
47013,TN,Campbell,Rating Area 2
47015,TN,Cannon,Rating Area 7
47017,TN,Carroll,Rating Area 5
47019,TN,Carter,Rating Area 1
47021,TN,Cheatham,Rating Area 4
47023,TN,Chester,Rating Area 5
47025,TN,Claiborne,Rating Area 2
47027,TN,Clay,Rating Area 7
47029,TN,Cocke,Rating Area 2
47031,TN,Coffee,Rating Area 8
47033,TN,Crockett,Rating Area 5
47035,TN,Cumberland,Rating Area 7
47037,TN,Davidson,Rating Area 4
47039,TN,Decatur,Rating Area 5
47041,TN,DeKalb,Rating Area 7
47043,TN,Dickson,Rating Area 8
47045,TN,Dyer,Rating Area 5
47047,TN,Fayette,Rating Area 6
47049,TN,Fentress,Rating Area 7
47051,TN,Franklin,Rating Area 3
47053,TN,Gibson,Rating Area 5
47055,TN,Giles,Rating Area 8
47057,TN,Grainger,Rating Area 2
47059,TN,Greene,Rating Area 1
47061,TN,Grundy,Rating Area 3
47063,TN,Hamblen,Rating Area 2
47065,TN,Hamilton,Rating Area 3
47067,TN,Hancock,Rating Area 1
47069,TN,Hardeman,Rating Area 5
47071,TN,Hardin,Rating Area 5
47073,TN,Hawkins,Rating Area 1
47075,TN,Haywood,Rating Area 6
47077,TN,Henderson,Rating Area 5
47079,TN,Henry,Rating Area 5
47081,TN,Hickman,Rating Area 8
47083,TN,Houston,Rating Area 8
47085,TN,Humphreys,Rating Area 8
47087,TN,Jackson,Rating Area 7
47089,TN,Jefferson,Rating Area 2
47091,TN,Johnson,Rating Area 1
47093,TN,Knox,Rating Area 2
47095,TN,Lake,Rating Area 5
47097,TN,Lauderdale,Rating Area 6
47099,TN,Lawrence,Rating Area 8
47101,TN,Lewis,Rating Area 8
47103,TN,Lincoln,Rating Area 8
47105,TN,Loudon,Rating Area 2
47107,TN,McMinn,Rating Area 3
47109,TN,McNairy,Rating Area 5
47111,TN,Macon,Rating Area 7
47113,TN,Madison,Rating Area 5
47115,TN,Marion,Rating Area 3
47117,TN,Marshall,Rating Area 8
47119,TN,Maury,Rating Area 8
47121,TN,Meigs,Rating Area 3
47123,TN,Monroe,Rating Area 2
47125,TN,Montgomery,Rating Area 4
47127,TN,Moore,Rating Area 8
47129,TN,Morgan,Rating Area 2
47131,TN,Obion,Rating Area 5
47133,TN,Overton,Rating Area 7
47135,TN,Perry,Rating Area 8
47137,TN,Pickett,Rating Area 7
47139,TN,Polk,Rating Area 3
47141,TN,Putnam,Rating Area 7
47143,TN,Rhea,Rating Area 3
47145,TN,Roane,Rating Area 2
47147,TN,Robertson,Rating Area 4
47149,TN,Rutherford,Rating Area 4
47151,TN,Scott,Rating Area 2
47153,TN,Sequatchie,Rating Area 3
47155,TN,Sevier,Rating Area 2
47157,TN,Shelby,Rating Area 6
47159,TN,Smith,Rating Area 7
47161,TN,Stewart,Rating Area 8
47163,TN,Sullivan,Rating Area 1
47165,TN,Sumner,Rating Area 4
47167,TN,Tipton,Rating Area 6
47169,TN,Trousdale,Rating Area 4
47171,TN,Unicoi,Rating Area 1
47173,TN,Union,Rating Area 2
47175,TN,Van Buren,Rating Area 7
47177,TN,Warren,Rating Area 7
47179,TN,Washington,Rating Area 1
47181,TN,Wayne,Rating Area 8
47183,TN,Weakley,Rating Area 5
47185,TN,White,Rating Area 7
47187,TN,Williamson,Rating Area 4
47189,TN,Wilson,Rating Area 4
48001,TX,Anderson,Rating Area 21
48003,TX,Andrews,Rating Area 16
48005,TX,Angelina,Rating Area 4
48007,TX,Aransas,Rating Area 7
48009,TX,Archer,Rating Area 24
48011,TX,Armstrong,Rating Area 2
48013,TX,Atascosa,Rating Area 18
48015,TX,Austin,Rating Area 26
48017,TX,Bailey,Rating Area 14
48019,TX,Bandera,Rating Area 18
48021,TX,Bastrop,Rating Area 3
48023,TX,Baylor,Rating Area 24
48025,TX,Bee,Rating Area 7
48027,TX,Bell,Rating Area 11
48029,TX,Bexar,Rating Area 18
48031,TX,Blanco,Rating Area 3
48033,TX,Borden,Rating Area 16
48035,TX,Bosque,Rating Area 23
48037,TX,Bowie,Rating Area 20
48039,TX,Brazoria,Rating Area 26
48041,TX,Brazos,Rating Area 6
48043,TX,Brewster,Rating Area 9
48045,TX,Briscoe,Rating Area 2
48047,TX,Brooks,Rating Area 15
48049,TX,Brown,Rating Area 1
48051,TX,Burleson,Rating Area 6
48053,TX,Burnet,Rating Area 3
48055,TX,Caldwell,Rating Area 3
48057,TX,Calhoun,Rating Area 22
48059,TX,Callahan,Rating Area 1
48061,TX,Cameron,Rating Area 5
48063,TX,Camp,Rating Area 20
48065,TX,Carson,Rating Area 2
48067,TX,Cass,Rating Area 20
48069,TX,Castro,Rating Area 2
48071,TX,Chambers,Rating Area 27
48073,TX,Cherokee,Rating Area 21
48075,TX,Childress,Rating Area 2
48077,TX,Clay,Rating Area 24
48079,TX,Cochran,Rating Area 14
48081,TX,Coke,Rating Area 17
48083,TX,Coleman,Rating Area 1
48085,TX,Collin,Rating Area 8
48087,TX,Collingsworth,Rating Area 2
48089,TX,Colorado,Rating Area 26
48091,TX,Comal,Rating Area 18
48093,TX,Comanche,Rating Area 1
48095,TX,Concho,Rating Area 17
48097,TX,Cooke,Rating Area 19
48099,TX,Coryell,Rating Area 11
48101,TX,Cottle,Rating Area 24
48103,TX,Crane,Rating Area 16
48105,TX,Crockett,Rating Area 17
48107,TX,Crosby,Rating Area 14
48109,TX,Culberson,Rating Area 9
48111,TX,Dallam,Rating Area 2
48113,TX,Dallas,Rating Area 8
48115,TX,Dawson,Rating Area 16
48117,TX,Deaf Smith,Rating Area 2
48119,TX,Delta,Rating Area 20
48121,TX,Denton,Rating Area 25
48123,TX,DeWitt,Rating Area 22
48125,TX,Dickens,Rating Area 14
48127,TX,Dimmit,Rating Area 18
48129,TX,Donley,Rating Area 2
48131,TX,Duval,Rating Area 12
48133,TX,Eastland,Rating Area 1
48135,TX,Ector,Rating Area 16
48137,TX,Edwards,Rating Area 18
48139,TX,Ellis,Rating Area 8
48141,TX,El Paso,Rating Area 9
48143,TX,Erath,Rating Area 25
48145,TX,Falls,Rating Area 23
48147,TX,Fannin,Rating Area 19
48149,TX,Fayette,Rating Area 3
48151,TX,Fisher,Rating Area 1
48153,TX,Floyd,Rating Area 14
48155,TX,Foard,Rating Area 24
48157,TX,Fort Bend,Rating Area 26
48159,TX,Franklin,Rating Area 20
48161,TX,Freestone,Rating Area 23
48163,TX,Frio,Rating Area 18
48165,TX,Gaines,Rating Area 16
48167,TX,Galveston,Rating Area 10
48169,TX,Garza,Rating Area 14
48171,TX,Gillespie,Rating Area 18
48173,TX,Glasscock,Rating Area 16
48175,TX,Goliad,Rating Area 22
48177,TX,Gonzales,Rating Area 18
48179,TX,Gray,Rating Area 2
48181,TX,Grayson,Rating Area 19
48183,TX,Gregg,Rating Area 13
48185,TX,Grimes,Rating Area 6
48187,TX,Guadalupe,Rating Area 18
48189,TX,Hale,Rating Area 14
48191,TX,Hall,Rating Area 2
48193,TX,Hamilton,Rating Area 11
48195,TX,Hansford,Rating Area 2
48197,TX,Hardeman,Rating Area 24
48199,TX,Hardin,Rating Area 4
48201,TX,Harris,Rating Area 10
48203,TX,Harrison,Rating Area 13
48205,TX,Hartley,Rating Area 2
48207,TX,Haskell,Rating Area 1
48209,TX,Hays,Rating Area 3
48211,TX,Hemphill,Rating Area 2
48213,TX,Henderson,Rating Area 21
48215,TX,Hidalgo,Rating Area 15
48217,TX,Hill,Rating Area 23
48219,TX,Hockley,Rating Area 14
48221,TX,Hood,Rating Area 25
48223,TX,Hopkins,Rating Area 20
48225,TX,Houston,Rating Area 4
48227,TX,Howard,Rating Area 16
48229,TX,Hudspeth,Rating Area 9
48231,TX,Hunt,Rating Area 8
48233,TX,Hutchinson,Rating Area 2
48235,TX,Irion,Rating Area 17
48237,TX,Jack,Rating Area 24
48239,TX,Jackson,Rating Area 22
48241,TX,Jasper,Rating Area 4
48243,TX,Jeff Davis,Rating Area 9
48245,TX,Jefferson,Rating Area 4
48247,TX,Jim Hogg,Rating Area 12
48249,TX,Jim Wells,Rating Area 7
48251,TX,Johnson,Rating Area 25
48253,TX,Jones,Rating Area 1
48255,TX,Karnes,Rating Area 22
48257,TX,Kaufman,Rating Area 8
48259,TX,Kendall,Rating Area 18
48261,TX,Kenedy,Rating Area 5
48263,TX,Kent,Rating Area 1
48265,TX,Kerr,Rating Area 18
48267,TX,Kimble,Rating Area 17
48269,TX,King,Rating Area 14
48271,TX,Kinney,Rating Area 18
48273,TX,Kleberg,Rating Area 7
48275,TX,Knox,Rating Area 24
48277,TX,Lamar,Rating Area 20
48279,TX,Lamb,Rating Area 14
48281,TX,Lampasas,Rating Area 11
48283,TX,La Salle,Rating Area 18
48285,TX,Lavaca,Rating Area 22
48287,TX,Lee,Rating Area 3
48289,TX,Leon,Rating Area 6
48291,TX,Liberty,Rating Area 27
48293,TX,Limestone,Rating Area 23
48295,TX,Lipscomb,Rating Area 2
48297,TX,Live Oak,Rating Area 7
48299,TX,Llano,Rating Area 3
48301,TX,Loving,Rating Area 16
48303,TX,Lubbock,Rating Area 14
48305,TX,Lynn,Rating Area 14
48307,TX,McCulloch,Rating Area 17
48309,TX,McLennan,Rating Area 23
48311,TX,McMullen,Rating Area 12
48313,TX,Madison,Rating Area 6
48315,TX,Marion,Rating Area 13
48317,TX,Martin,Rating Area 16
48319,TX,Mason,Rating Area 17
48321,TX,Matagorda,Rating Area 26
48323,TX,Maverick,Rating Area 18
48325,TX,Medina,Rating Area 18
48327,TX,Menard,Rating Area 17
48329,TX,Midland,Rating Area 16
48331,TX,Milam,Rating Area 6
48333,TX,Mills,Rating Area 11
48335,TX,Mitchell,Rating Area 1
48337,TX,Montague,Rating Area 24
48339,TX,Montgomery,Rating Area 27
48341,TX,Moore,Rating Area 2
48343,TX,Morris,Rating Area 20
48345,TX,Motley,Rating Area 14
48347,TX,Nacogdoches,Rating Area 4
48349,TX,Navarro,Rating Area 8
48351,TX,Newton,Rating Area 4
48353,TX,Nolan,Rating Area 1
48355,TX,Nueces,Rating Area 7
48357,TX,Ochiltree,Rating Area 2
48359,TX,Oldham,Rating Area 2
48361,TX,Orange,Rating Area 4
48363,TX,Palo Pinto,Rating Area 25
48365,TX,Panola,Rating Area 13
48367,TX,Parker,Rating Area 25
48369,TX,Parmer,Rating Area 2
48371,TX,Pecos,Rating Area 16
48373,TX,Polk,Rating Area 4
48375,TX,Potter,Rating Area 2
48377,TX,Presidio,Rating Area 9
48379,TX,Rains,Rating Area 21
48381,TX,Randall,Rating Area 2
48383,TX,Reagan,Rating Area 17
48385,TX,Real,Rating Area 18
48387,TX,Red River,Rating Area 20
48389,TX,Reeves,Rating Area 16
48391,TX,Refugio,Rating Area 7
48393,TX,Roberts,Rating Area 2
48395,TX,Robertson,Rating Area 6
48397,TX,Rockwall,Rating Area 8
48399,TX,Runnels,Rating Area 1
48401,TX,Rusk,Rating Area 13
48403,TX,Sabine,Rating Area 4
48405,TX,San Augustine,Rating Area 4
48407,TX,San Jacinto,Rating Area 4
48409,TX,San Patricio,Rating Area 7
48411,TX,San Saba,Rating Area 11
48413,TX,Schleicher,Rating Area 17
48415,TX,Scurry,Rating Area 1
48417,TX,Shackelford,Rating Area 1
48419,TX,Shelby,Rating Area 4
48421,TX,Sherman,Rating Area 2
48423,TX,Smith,Rating Area 21
48425,TX,Somervell,Rating Area 25
48427,TX,Starr,Rating Area 15
48429,TX,Stephens,Rating Area 1
48431,TX,Sterling,Rating Area 17
48433,TX,Stonewall,Rating Area 1
48435,TX,Sutton,Rating Area 17
48437,TX,Swisher,Rating Area 2
48439,TX,Tarrant,Rating Area 25
48441,TX,Taylor,Rating Area 1
48443,TX,Terrell,Rating Area 16
48445,TX,Terry,Rating Area 14
48447,TX,Throckmorton,Rating Area 1
48449,TX,Titus,Rating Area 20
48451,TX,Tom Green,Rating Area 17
48453,TX,Travis,Rating Area 3
48455,TX,Trinity,Rating Area 4
48457,TX,Tyler,Rating Area 4
48459,TX,Upshur,Rating Area 13
48461,TX,Upton,Rating Area 16
48463,TX,Uvalde,Rating Area 18
48465,TX,Val Verde,Rating Area 18
48467,TX,Van Zandt,Rating Area 21
48469,TX,Victoria,Rating Area 22
48471,TX,Walker,Rating Area 27
48473,TX,Waller,Rating Area 26
48475,TX,Ward,Rating Area 16
48477,TX,Washington,Rating Area 6
48479,TX,Webb,Rating Area 12
48481,TX,Wharton,Rating Area 26
48483,TX,Wheeler,Rating Area 2
48485,TX,Wichita,Rating Area 24
48487,TX,Wilbarger,Rating Area 24
48489,TX,Willacy,Rating Area 5
48491,TX,Williamson,Rating Area 3
48493,TX,Wilson,Rating Area 18
48495,TX,Winkler,Rating Area 16
48497,TX,Wise,Rating Area 25
48499,TX,Wood,Rating Area 21
48501,TX,Yoakum,Rating Area 14
48503,TX,Young,Rating Area 24
48505,TX,Zapata,Rating Area 12
48507,TX,Zavala,Rating Area 18
49000,UT,Utah,Rating Area 4
49001,UT,Beaver,Rating Area 6
49003,UT,Box Elder,Rating Area 2
49005,UT,Cache,Rating Area 1
49007,UT,Carbon,Rating Area 6
49009,UT,Daggett,Rating Area 6
49011,UT,Davis,Rating Area 3
49013,UT,Duchesne,Rating Area 6
49015,UT,Emery,Rating Area 6
49017,UT,Garfield,Rating Area 6
49019,UT,Grand,Rating Area 6
49021,UT,Iron,Rating Area 5
49023,UT,Juab,Rating Area 6
49025,UT,Kane,Rating Area 6
49027,UT,Millard,Rating Area 6
49029,UT,Morgan,Rating Area 2
49031,UT,Piute,Rating Area 6
49033,UT,Rich,Rating Area 1
49035,UT,Salt Lake,Rating Area 3
49037,UT,San Juan,Rating Area 6
49039,UT,Sanpete,Rating Area 6
49041,UT,Sevier,Rating Area 6
49043,UT,Summit,Rating Area 3
49045,UT,Tooele,Rating Area 3
49047,UT,Uintah,Rating Area 6
49049,UT,Utah,Rating Area 4
49051,UT,Wasatch,Rating Area 3
49053,UT,Washington,Rating Area 5
49055,UT,Wayne,Rating Area 6
49057,UT,Weber,Rating Area 2
51001,VA,Accomack,Rating Area 12
51003,VA,Albemarle,Rating Area 2
51005,VA,Alleghany,Rating Area 12
51007,VA,Amelia,Rating Area 7
51009,VA,Amherst,Rating Area 6
51011,VA,Appomattox,Rating Area 6
51013,VA,Arlington,Rating Area 10
51015,VA,Augusta,Rating Area 12
51017,VA,Bath,Rating Area 12
51019,VA,Bedford,Rating Area 6
51021,VA,Bland,Rating Area 12
51023,VA,Botetourt,Rating Area 8
51025,VA,Brunswick,Rating Area 12
51027,VA,Buchanan,Rating Area 12
51029,VA,Buckingham,Rating Area 12
51031,VA,Campbell,Rating Area 6
51033,VA,Caroline,Rating Area 7
51035,VA,Carroll,Rating Area 12
51036,VA,Charles City,Rating Area 7
51037,VA,Charlotte,Rating Area 12
51041,VA,Chesterfield,Rating Area 7
51043,VA,Clarke,Rating Area 10
51045,VA,Craig,Rating Area 8
51047,VA,Culpeper,Rating Area 12
51049,VA,Cumberland,Rating Area 7
51051,VA,Dickenson,Rating Area 12
51053,VA,Dinwiddie,Rating Area 7
51057,VA,Essex,Rating Area 12
51059,VA,Fairfax,Rating Area 10
51061,VA,Fauquier,Rating Area 10
51063,VA,Floyd,Rating Area 12
51065,VA,Fluvanna,Rating Area 2
51067,VA,Franklin,Rating Area 8
51069,VA,Frederick,Rating Area 11
51071,VA,Giles,Rating Area 1
51073,VA,Gloucester,Rating Area 9
51075,VA,Goochland,Rating Area 7
51077,VA,Grayson,Rating Area 12
51079,VA,Greene,Rating Area 2
51081,VA,Greensville,Rating Area 12
51083,VA,Halifax,Rating Area 12
51085,VA,Hanover,Rating Area 7
51087,VA,Henrico,Rating Area 7
51089,VA,Henry,Rating Area 12
51091,VA,Highland,Rating Area 12
51093,VA,Isle of Wight,Rating Area 9
51095,VA,James City,Rating Area 9
51097,VA,King and Queen,Rating Area 7
51099,VA,King George,Rating Area 12
51101,VA,King William,Rating Area 7
51103,VA,Lancaster,Rating Area 12
51105,VA,Lee,Rating Area 12
51107,VA,Loudoun,Rating Area 10
51109,VA,Louisa,Rating Area 7
51111,VA,Lunenburg,Rating Area 12
51113,VA,Madison,Rating Area 12
51115,VA,Mathews,Rating Area 9
51117,VA,Mecklenburg,Rating Area 12
51119,VA,Middlesex,Rating Area 12
51121,VA,Montgomery,Rating Area 1
51125,VA,Nelson,Rating Area 2
51127,VA,New Kent,Rating Area 7
51131,VA,Northampton,Rating Area 12
51133,VA,Northumberland,Rating Area 12
51135,VA,Nottoway,Rating Area 12
51137,VA,Orange,Rating Area 12
51139,VA,Page,Rating Area 12
51141,VA,Patrick,Rating Area 12
51143,VA,Pittsylvania,Rating Area 3
51145,VA,Powhatan,Rating Area 7
51147,VA,Prince Edward,Rating Area 12
51149,VA,Prince George,Rating Area 7
51153,VA,Prince William,Rating Area 10
51155,VA,Pulaski,Rating Area 1
51157,VA,Rappahannock,Rating Area 12
51159,VA,Richmond,Rating Area 12
51161,VA,Roanoke,Rating Area 8
51163,VA,Rockbridge,Rating Area 12
51165,VA,Rockingham,Rating Area 4
51167,VA,Russell,Rating Area 12
51169,VA,Scott,Rating Area 5
51171,VA,Shenandoah,Rating Area 12
51173,VA,Smyth,Rating Area 12
51175,VA,Southampton,Rating Area 12
51177,VA,Spotsylvania,Rating Area 10
51179,VA,Stafford,Rating Area 10
51181,VA,Surry,Rating Area 9
51183,VA,Sussex,Rating Area 7
51185,VA,Tazewell,Rating Area 12
51187,VA,Warren,Rating Area 10
51191,VA,Washington,Rating Area 5
51193,VA,Westmoreland,Rating Area 12
51195,VA,Wise,Rating Area 12
51197,VA,Wythe,Rating Area 12
51199,VA,York,Rating Area 9
51510,VA,Alexandria City,Rating Area 10
51515,VA,Bedford City,Rating Area 6
51520,VA,Bristol City,Rating Area 5
51530,VA,Buena Vista City,Rating Area 12
51540,VA,Charlottesville City,Rating Area 2
51550,VA,Chesapeake City,Rating Area 9
51560,VA,Clifton Forge,Rating Area 12
51570,VA,Colonial Heights City,Rating Area 7
51580,VA,Covington City,Rating Area 12
51590,VA,Danville City,Rating Area 3
51595,VA,Emporia City,Rating Area 12
51600,VA,Fairfax City,Rating Area 10
51610,VA,Falls Church City,Rating Area 10
51620,VA,Franklin City,Rating Area 12
51630,VA,Fredericksburg City,Rating Area 10
51640,VA,Galax City,Rating Area 12
51650,VA,Hampton City,Rating Area 9
51660,VA,Harrisonburg City,Rating Area 4
51670,VA,Hopewell City,Rating Area 7
51678,VA,Lexington City,Rating Area 12
51680,VA,Lynchburg City,Rating Area 6
51683,VA,Manassas City,Rating Area 10
51685,VA,Manassas Park City,Rating Area 10
51690,VA,Martinsville City,Rating Area 12
51700,VA,Newport News City,Rating Area 9
51710,VA,Norfolk City,Rating Area 9
51720,VA,Norton City,Rating Area 12
51730,VA,Petersburg City,Rating Area 7
51735,VA,Poquoson City,Rating Area 9
51740,VA,Portsmouth City,Rating Area 9
51750,VA,Radford City,Rating Area 1
51760,VA,Richmond City,Rating Area 7
51770,VA,Roanoke City,Rating Area 8
51775,VA,Salem City,Rating Area 8
51780,VA,South Boston,Rating Area 12
51790,VA,Staunton City,Rating Area 12
51800,VA,Suffolk City,Rating Area 9
51810,VA,Virginia Beach City,Rating Area 9
51820,VA,Waynesboro City,Rating Area 12
51830,VA,Williamsburg City,Rating Area 9
51840,VA,Winchester City,Rating Area 11
54001,WV,Barbour,Rating Area 9
54003,WV,Berkeley,Rating Area 6
54005,WV,Boone,Rating Area 3
54007,WV,Braxton,Rating Area 1
54009,WV,Brooke,Rating Area 11
54011,WV,Cabell,Rating Area 5
54013,WV,Calhoun,Rating Area 1
54015,WV,Clay,Rating Area 1
54017,WV,Doddridge,Rating Area 8
54019,WV,Fayette,Rating Area 1
54021,WV,Gilmer,Rating Area 8
54023,WV,Grant,Rating Area 7
54025,WV,Greenbrier,Rating Area 1
54027,WV,Hampshire,Rating Area 7
54029,WV,Hancock,Rating Area 11
54031,WV,Hardy,Rating Area 7
54033,WV,Harrison,Rating Area 9
54035,WV,Jackson,Rating Area 10
54037,WV,Jefferson,Rating Area 6
54039,WV,Kanawha,Rating Area 2
54041,WV,Lewis,Rating Area 8
54043,WV,Lincoln,Rating Area 3
54045,WV,Logan,Rating Area 3
54047,WV,McDowell,Rating Area 3
54049,WV,Marion,Rating Area 8
54051,WV,Marshall,Rating Area 11
54053,WV,Mason,Rating Area 5
54055,WV,Mercer,Rating Area 4
54057,WV,Mineral,Rating Area 7
54059,WV,Mingo,Rating Area 3
54061,WV,Monongalia,Rating Area 8
54063,WV,Monroe,Rating Area 4
54065,WV,Morgan,Rating Area 7
54067,WV,Nicholas,Rating Area 1
54069,WV,Ohio,Rating Area 11
54071,WV,Pendleton,Rating Area 7
54073,WV,Pleasants,Rating Area 10
54075,WV,Pocahontas,Rating Area 9
54077,WV,Preston,Rating Area 9
54079,WV,Putnam,Rating Area 5
54081,WV,Raleigh,Rating Area 4
54083,WV,Randolph,Rating Area 9
54085,WV,Ritchie,Rating Area 10
54087,WV,Roane,Rating Area 1
54089,WV,Summers,Rating Area 4
54091,WV,Taylor,Rating Area 9
54093,WV,Tucker,Rating Area 9
54095,WV,Tyler,Rating Area 10
54097,WV,Upshur,Rating Area 9
54099,WV,Wayne,Rating Area 5
54101,WV,Webster,Rating Area 9
54103,WV,Wetzel,Rating Area 8
54105,WV,Wirt,Rating Area 10
54107,WV,Wood,Rating Area 10
54109,WV,Wyoming,Rating Area 3
55001,WI,Adams,Rating Area 15
55003,WI,Ashland,Rating Area 5
55005,WI,Barron,Rating Area 8
55007,WI,Bayfield,Rating Area 5
55009,WI,Brown,Rating Area 16
55011,WI,Buffalo,Rating Area 6
55013,WI,Burnett,Rating Area 5
55015,WI,Calumet,Rating Area 11
55017,WI,Chippewa,Rating Area 4
55019,WI,Clark,Rating Area 8
55021,WI,Columbia,Rating Area 14
55023,WI,Crawford,Rating Area 7
55025,WI,Dane,Rating Area 2
55027,WI,Dodge,Rating Area 11
55029,WI,Door,Rating Area 16
55031,WI,Douglas,Rating Area 5
55033,WI,Dunn,Rating Area 4
55035,WI,Eau Claire,Rating Area 4
55037,WI,Florence,Rating Area 13
55039,WI,Fond du Lac,Rating Area 11
55041,WI,Forest,Rating Area 13
55043,WI,Grant,Rating Area 7
55045,WI,Green,Rating Area 14
55047,WI,Green Lake,Rating Area 15
55049,WI,Iowa,Rating Area 7
55051,WI,Iron,Rating Area 13
55053,WI,Jackson,Rating Area 6
55055,WI,Jefferson,Rating Area 14
55057,WI,Juneau,Rating Area 15
55059,WI,Kenosha,Rating Area 9
55061,WI,Kewaunee,Rating Area 16
55063,WI,La Crosse,Rating Area 6
55065,WI,Lafayette,Rating Area 7
55067,WI,Langlade,Rating Area 13
55069,WI,Lincoln,Rating Area 10
55071,WI,Manitowoc,Rating Area 16
55073,WI,Marathon,Rating Area 10
55075,WI,Marinette,Rating Area 16
55077,WI,Marquette,Rating Area 15
55078,WI,Menominee,Rating Area 16
55079,WI,Milwaukee,Rating Area 1
55081,WI,Monroe,Rating Area 6
55083,WI,Oconto,Rating Area 16
55085,WI,Oneida,Rating Area 13
55087,WI,Outagamie,Rating Area 11
55089,WI,Ozaukee,Rating Area 12
55091,WI,Pepin,Rating Area 4
55093,WI,Pierce,Rating Area 3
55095,WI,Polk,Rating Area 3
55097,WI,Portage,Rating Area 10
55099,WI,Price,Rating Area 8
55101,WI,Racine,Rating Area 9
55103,WI,Richland,Rating Area 15
55105,WI,Rock,Rating Area 14
55107,WI,Rusk,Rating Area 8
55109,WI,St. Croix,Rating Area 3
55111,WI,Sauk,Rating Area 15
55113,WI,Sawyer,Rating Area 5
55115,WI,Shawano,Rating Area 16
55117,WI,Sheboygan,Rating Area 11
55119,WI,Taylor,Rating Area 8
55121,WI,Trempealeau,Rating Area 6
55123,WI,Vernon,Rating Area 7
55125,WI,Vilas,Rating Area 13
55127,WI,Walworth,Rating Area 14
55129,WI,Washburn,Rating Area 5
55131,WI,Washington,Rating Area 12
55133,WI,Waukesha,Rating Area 12
55135,WI,Waupaca,Rating Area 11
55137,WI,Waushara,Rating Area 11
55139,WI,Winnebago,Rating Area 11
55141,WI,Wood,Rating Area 10
56001,WY,Albany,Rating Area 3
56003,WY,Big Horn,Rating Area 3
56005,WY,Campbell,Rating Area 3
56007,WY,Carbon,Rating Area 3
56009,WY,Converse,Rating Area 3
56011,WY,Crook,Rating Area 3
56013,WY,Fremont,Rating Area 3
56015,WY,Goshen,Rating Area 3
56017,WY,Hot Springs,Rating Area 3
56019,WY,Johnson,Rating Area 3
56021,WY,Laramie,Rating Area 2
56023,WY,Lincoln,Rating Area 3
56025,WY,Natrona,Rating Area 1
56027,WY,Niobrara,Rating Area 3
56029,WY,Park,Rating Area 3
56031,WY,Platte,Rating Area 3
56033,WY,Sheridan,Rating Area 3
56035,WY,Sublette,Rating Area 3
56037,WY,Sweetwater,Rating Area 3
56039,WY,Teton,Rating Area 3
56041,WY,Uinta,Rating Area 3
56043,WY,Washakie,Rating Area 3
56045,WY,Weston,Rating Area 3